-- MySQL dump 10.13  Distrib 8.0.15, for Win64 (x86_64)
--
-- Host: 127.0.0.1    Database: deliberation
-- ------------------------------------------------------
-- Server version	8.0.15

/*!40101 SET @OLD_CHARACTER_SET_CLIENT=@@CHARACTER_SET_CLIENT */;
/*!40101 SET @OLD_CHARACTER_SET_RESULTS=@@CHARACTER_SET_RESULTS */;
/*!40101 SET @OLD_COLLATION_CONNECTION=@@COLLATION_CONNECTION */;
 SET NAMES utf8 ;
/*!40103 SET @OLD_TIME_ZONE=@@TIME_ZONE */;
/*!40103 SET TIME_ZONE='+00:00' */;
/*!40014 SET @OLD_UNIQUE_CHECKS=@@UNIQUE_CHECKS, UNIQUE_CHECKS=0 */;
/*!40014 SET @OLD_FOREIGN_KEY_CHECKS=@@FOREIGN_KEY_CHECKS, FOREIGN_KEY_CHECKS=0 */;
/*!40101 SET @OLD_SQL_MODE=@@SQL_MODE, SQL_MODE='NO_AUTO_VALUE_ON_ZERO' */;
/*!40111 SET @OLD_SQL_NOTES=@@SQL_NOTES, SQL_NOTES=0 */;

--
-- Table structure for table `admin`
--

DROP TABLE IF EXISTS `admin`;
/*!40101 SET @saved_cs_client     = @@character_set_client */;
 SET character_set_client = utf8mb4 ;
CREATE TABLE `admin` (
  `idadmin` int(11) NOT NULL,
  `EmailAdmin` varchar(45) NOT NULL,
  `mdpAdmin` varchar(45) NOT NULL,
  `nomAdmin` varchar(45) NOT NULL,
  PRIMARY KEY (`idadmin`)
) ENGINE=InnoDB DEFAULT CHARSET=utf8mb4 COLLATE=utf8mb4_0900_ai_ci;
/*!40101 SET character_set_client = @saved_cs_client */;

--
-- Dumping data for table `admin`
--

LOCK TABLES `admin` WRITE;
/*!40000 ALTER TABLE `admin` DISABLE KEYS */;
/*!40000 ALTER TABLE `admin` ENABLE KEYS */;
UNLOCK TABLES;

--
-- Table structure for table `controle`
--

DROP TABLE IF EXISTS `controle`;
/*!40101 SET @saved_cs_client     = @@character_set_client */;
 SET character_set_client = utf8mb4 ;
CREATE TABLE `controle` (
  `idControle` int(11) NOT NULL,
  `Coefficient` int(11) DEFAULT NULL,
  PRIMARY KEY (`idControle`)
) ENGINE=InnoDB DEFAULT CHARSET=utf8mb4 COLLATE=utf8mb4_0900_ai_ci;
/*!40101 SET character_set_client = @saved_cs_client */;

--
-- Dumping data for table `controle`
--

LOCK TABLES `controle` WRITE;
/*!40000 ALTER TABLE `controle` DISABLE KEYS */;
/*!40000 ALTER TABLE `controle` ENABLE KEYS */;
UNLOCK TABLES;

--
-- Table structure for table `element`
--

DROP TABLE IF EXISTS `element`;
/*!40101 SET @saved_cs_client     = @@character_set_client */;
 SET character_set_client = utf8mb4 ;
CREATE TABLE `element` (
  `idElement` int(11) NOT NULL AUTO_INCREMENT,
  `LibelleElement` varchar(45) DEFAULT NULL,
  `CodeElement` varchar(45) DEFAULT NULL,
  `idModule` int(11) DEFAULT NULL,
  PRIMARY KEY (`idElement`),
  KEY `idModule_idx` (`idModule`),
  CONSTRAINT `idModule` FOREIGN KEY (`idModule`) REFERENCES `module` (`idModule`)
) ENGINE=InnoDB AUTO_INCREMENT=3 DEFAULT CHARSET=utf8mb4 COLLATE=utf8mb4_0900_ai_ci;
/*!40101 SET character_set_client = @saved_cs_client */;

--
-- Dumping data for table `element`
--

LOCK TABLES `element` WRITE;
/*!40000 ALTER TABLE `element` DISABLE KEYS */;
INSERT INTO `element` VALUES (1,'cours','1234',NULL),(2,'TP','11122',NULL);
/*!40000 ALTER TABLE `element` ENABLE KEYS */;
UNLOCK TABLES;

--
-- Table structure for table `enseignant`
--

DROP TABLE IF EXISTS `enseignant`;
/*!40101 SET @saved_cs_client     = @@character_set_client */;
 SET character_set_client = utf8mb4 ;
CREATE TABLE `enseignant` (
  `idProfesseur` int(11) NOT NULL,
  `idElement` int(11) NOT NULL,
  `NomE` varchar(45) DEFAULT NULL,
  PRIMARY KEY (`idProfesseur`,`idElement`),
  KEY `fk_Professeur_has_Element_Element1_idx` (`idElement`),
  KEY `fk_Professeur_has_Element_Professeur1_idx` (`idProfesseur`)
) ENGINE=InnoDB DEFAULT CHARSET=utf8mb4 COLLATE=utf8mb4_0900_ai_ci;
/*!40101 SET character_set_client = @saved_cs_client */;

--
-- Dumping data for table `enseignant`
--

LOCK TABLES `enseignant` WRITE;
/*!40000 ALTER TABLE `enseignant` DISABLE KEYS */;
/*!40000 ALTER TABLE `enseignant` ENABLE KEYS */;
UNLOCK TABLES;

--
-- Table structure for table `etape`
--

DROP TABLE IF EXISTS `etape`;
/*!40101 SET @saved_cs_client     = @@character_set_client */;
 SET character_set_client = utf8mb4 ;
CREATE TABLE `etape` (
  `idEtape` int(11) NOT NULL AUTO_INCREMENT,
  `LibelleEtape` varchar(45) DEFAULT NULL,
  `idFiliere` int(11) DEFAULT NULL,
  PRIMARY KEY (`idEtape`),
  KEY `idFilier_idx` (`idFiliere`),
  CONSTRAINT `idFilier` FOREIGN KEY (`idFiliere`) REFERENCES `filiere` (`idFiliere`)
) ENGINE=InnoDB AUTO_INCREMENT=9 DEFAULT CHARSET=utf8mb4 COLLATE=utf8mb4_0900_ai_ci;
/*!40101 SET character_set_client = @saved_cs_client */;

--
-- Dumping data for table `etape`
--

LOCK TABLES `etape` WRITE;
/*!40000 ALTER TABLE `etape` DISABLE KEYS */;
INSERT INTO `etape` VALUES (1,'Annee 1',1),(2,'Annee 2',1),(3,'Annee 3',1),(4,'Annee 1',3),(5,'Annee 2',3),(6,'Annee 3',3),(7,'Annee 1',4),(8,'Annee 2',4);
/*!40000 ALTER TABLE `etape` ENABLE KEYS */;
UNLOCK TABLES;

--
-- Table structure for table `exam`
--

DROP TABLE IF EXISTS `exam`;
/*!40101 SET @saved_cs_client     = @@character_set_client */;
 SET character_set_client = utf8mb4 ;
CREATE TABLE `exam` (
  `idExam` int(11) NOT NULL,
  `TypeExam` varchar(45) DEFAULT NULL,
  `Exam_idExam` int(11) NOT NULL,
  PRIMARY KEY (`idExam`),
  KEY `fk_Exam_Exam1_idx` (`Exam_idExam`),
  CONSTRAINT `fk_Exam_Exam1` FOREIGN KEY (`Exam_idExam`) REFERENCES `exam` (`idExam`)
) ENGINE=InnoDB DEFAULT CHARSET=utf8mb4 COLLATE=utf8mb4_0900_ai_ci;
/*!40101 SET character_set_client = @saved_cs_client */;

--
-- Dumping data for table `exam`
--

LOCK TABLES `exam` WRITE;
/*!40000 ALTER TABLE `exam` DISABLE KEYS */;
/*!40000 ALTER TABLE `exam` ENABLE KEYS */;
UNLOCK TABLES;

--
-- Table structure for table `filiere`
--

DROP TABLE IF EXISTS `filiere`;
/*!40101 SET @saved_cs_client     = @@character_set_client */;
 SET character_set_client = utf8mb4 ;
CREATE TABLE `filiere` (
  `idFiliere` int(11) NOT NULL AUTO_INCREMENT,
  `NomFiliere` varchar(45) DEFAULT NULL,
  `responsablefiliere` varchar(45) DEFAULT NULL,
  PRIMARY KEY (`idFiliere`)
) ENGINE=InnoDB AUTO_INCREMENT=6 DEFAULT CHARSET=utf8mb4 COLLATE=utf8mb4_0900_ai_ci;
/*!40101 SET character_set_client = @saved_cs_client */;

--
-- Dumping data for table `filiere`
--

LOCK TABLES `filiere` WRITE;
/*!40000 ALTER TABLE `filiere` DISABLE KEYS */;
INSERT INTO `filiere` VALUES (1,'informatique','Bekri Ali'),(3,'biomedical','Benaboud Abdelhak'),(4,'Chimie','Choukrade hamid');
/*!40000 ALTER TABLE `filiere` ENABLE KEYS */;
UNLOCK TABLES;

--
-- Table structure for table `inscriptionadministrative`
--

DROP TABLE IF EXISTS `inscriptionadministrative`;
/*!40101 SET @saved_cs_client     = @@character_set_client */;
 SET character_set_client = utf8mb4 ;
CREATE TABLE `inscriptionadministrative` (
  `idIA` int(11) NOT NULL,
  `MassarEtud` varchar(45) DEFAULT NULL,
  `Nom` varchar(45) DEFAULT NULL,
  `Prenom` varchar(45) DEFAULT NULL,
  `Diplome` varchar(45) DEFAULT NULL,
  `Annee` varchar(45) DEFAULT NULL,
  `AdressePersonnelle` varchar(45) DEFAULT NULL,
  `Ville` varchar(45) DEFAULT NULL,
  `Telephone` varchar(45) DEFAULT NULL,
  `AdresseEmail` varchar(45) DEFAULT NULL,
  `AdresseParents` varchar(45) DEFAULT NULL,
  `DateInscription` varchar(45) DEFAULT NULL,
  `Bourse` varchar(45) DEFAULT NULL,
  `Filiere` varchar(45) DEFAULT NULL,
  `idFiliere` int(11) DEFAULT NULL,
  PRIMARY KEY (`idIA`),
  KEY `fk_InscriptionAdministrative_InscriptionEnLigne1_idx` (`MassarEtud`),
  KEY `idFiliere_idx` (`idFiliere`),
  CONSTRAINT `fk_InscriptionAdministrative_InscriptionEnLigne1` FOREIGN KEY (`MassarEtud`) REFERENCES `inscriptionenligne` (`MassarEtud`),
  CONSTRAINT `idFiliere` FOREIGN KEY (`idFiliere`) REFERENCES `filiere` (`idFiliere`)
) ENGINE=InnoDB DEFAULT CHARSET=utf8mb4 COLLATE=utf8mb4_0900_ai_ci;
/*!40101 SET character_set_client = @saved_cs_client */;

--
-- Dumping data for table `inscriptionadministrative`
--

LOCK TABLES `inscriptionadministrative` WRITE;
/*!40000 ALTER TABLE `inscriptionadministrative` DISABLE KEYS */;
/*!40000 ALTER TABLE `inscriptionadministrative` ENABLE KEYS */;
UNLOCK TABLES;

--
-- Table structure for table `inscriptionenligne`
--

DROP TABLE IF EXISTS `inscriptionenligne`;
/*!40101 SET @saved_cs_client     = @@character_set_client */;
 SET character_set_client = utf8mb4 ;
CREATE TABLE `inscriptionenligne` (
  `MassarEtud` varchar(45) NOT NULL,
  `NomFr` varchar(45) DEFAULT NULL,
  `PrenomFr` varchar(45) DEFAULT NULL,
  `NomAr` varchar(45) DEFAULT NULL,
  `PrenomAr` varchar(45) DEFAULT NULL,
  `Sexe` varchar(45) DEFAULT NULL,
  `DateDeNaissance` varchar(45) DEFAULT NULL,
  `LieuDeNaissance` varchar(45) DEFAULT NULL,
  `LieuDeNaissanceAR` varchar(45) DEFAULT NULL,
  `CIN` varchar(45) DEFAULT NULL,
  `Nationalite` varchar(45) DEFAULT NULL,
  `Ville` varchar(45) DEFAULT NULL,
  `Province` varchar(45) DEFAULT NULL,
  `AnneeBac` varchar(45) DEFAULT NULL,
  `SerieBac` varchar(45) DEFAULT NULL,
  `MentionBac` varchar(45) DEFAULT NULL,
  `LyceeBac` varchar(45) DEFAULT NULL,
  `VilleBac` varchar(45) DEFAULT NULL,
  `Academie` varchar(45) DEFAULT NULL,
  `Date1ereInscription` varchar(45) DEFAULT NULL,
  PRIMARY KEY (`MassarEtud`)
) ENGINE=InnoDB DEFAULT CHARSET=utf8mb4 COLLATE=utf8mb4_0900_ai_ci;
/*!40101 SET character_set_client = @saved_cs_client */;

--
-- Dumping data for table `inscriptionenligne`
--

LOCK TABLES `inscriptionenligne` WRITE;
/*!40000 ALTER TABLE `inscriptionenligne` DISABLE KEYS */;
/*!40000 ALTER TABLE `inscriptionenligne` ENABLE KEYS */;
UNLOCK TABLES;

--
-- Table structure for table `inscriptionpedagogique`
--

DROP TABLE IF EXISTS `inscriptionpedagogique`;
/*!40101 SET @saved_cs_client     = @@character_set_client */;
 SET character_set_client = utf8mb4 ;
CREATE TABLE `inscriptionpedagogique` (
  `idIP` int(11) NOT NULL,
  `Annee` varchar(45) DEFAULT NULL,
  `Filiere` varchar(45) DEFAULT NULL,
  `Semestre` varchar(45) DEFAULT NULL,
  `Module` varchar(45) DEFAULT NULL,
  `MassarEtud` varchar(45) DEFAULT NULL,
  `idIA` int(11) DEFAULT NULL,
  `idEtape` int(11) DEFAULT NULL,
  PRIMARY KEY (`idIP`),
  KEY `fk_InscriptionPedagogique_InscriptionEnLigne1_idx` (`MassarEtud`),
  KEY `idIA_idx` (`idIA`),
  KEY `idEtape_idx` (`idEtape`),
  CONSTRAINT `fk_InscriptionPedagogique_InscriptionEnLigne1` FOREIGN KEY (`MassarEtud`) REFERENCES `inscriptionenligne` (`MassarEtud`),
  CONSTRAINT `idIA` FOREIGN KEY (`idIA`) REFERENCES `inscriptionadministrative` (`idIA`)
) ENGINE=InnoDB DEFAULT CHARSET=utf8mb4 COLLATE=utf8mb4_0900_ai_ci;
/*!40101 SET character_set_client = @saved_cs_client */;

--
-- Dumping data for table `inscriptionpedagogique`
--

LOCK TABLES `inscriptionpedagogique` WRITE;
/*!40000 ALTER TABLE `inscriptionpedagogique` DISABLE KEYS */;
/*!40000 ALTER TABLE `inscriptionpedagogique` ENABLE KEYS */;
UNLOCK TABLES;

--
-- Table structure for table `module`
--

DROP TABLE IF EXISTS `module`;
/*!40101 SET @saved_cs_client     = @@character_set_client */;
 SET character_set_client = utf8mb4 ;
CREATE TABLE `module` (
  `idModule` int(11) NOT NULL AUTO_INCREMENT,
  `LebelleModule` varchar(45) DEFAULT NULL,
  `filiere` varchar(45) DEFAULT NULL,
  `responsablemodule` varchar(45) DEFAULT NULL,
  `idSemestre` int(11) DEFAULT NULL,
  PRIMARY KEY (`idModule`),
  KEY `idSemestre_idx` (`idSemestre`),
  CONSTRAINT `idSemestre` FOREIGN KEY (`idSemestre`) REFERENCES `semestre` (`idSemestre`)
) ENGINE=InnoDB AUTO_INCREMENT=21 DEFAULT CHARSET=utf8mb4 COLLATE=utf8mb4_0900_ai_ci;
/*!40101 SET character_set_client = @saved_cs_client */;

--
-- Dumping data for table `module`
--

LOCK TABLES `module` WRITE;
/*!40000 ALTER TABLE `module` DISABLE KEYS */;
INSERT INTO `module` VALUES (1,'analyse1','informatique',NULL,1),(2,'C++','informatique',NULL,4),(5,'Anatomie','biomedical',NULL,4),(15,'JEE','informatique','Benhlima Said',5),(19,'Genie logiciel 2','informatique',NULL,3),(20,'Genie logiciel 1','informatique',NULL,3);
/*!40000 ALTER TABLE `module` ENABLE KEYS */;
UNLOCK TABLES;

--
-- Table structure for table `note`
--

DROP TABLE IF EXISTS `note`;
/*!40101 SET @saved_cs_client     = @@character_set_client */;
 SET character_set_client = utf8mb4 ;
CREATE TABLE `note` (
  `idElement` int(11) NOT NULL,
  `MassarEtud` varchar(45) NOT NULL,
  `Note` varchar(45) DEFAULT NULL,
  PRIMARY KEY (`idElement`,`MassarEtud`),
  KEY `fk_Element_has_InscriptionEnLigne_InscriptionEnLigne1_idx` (`MassarEtud`),
  KEY `fk_Element_has_InscriptionEnLigne_Element1_idx` (`idElement`),
  CONSTRAINT `fk_Element_has_InscriptionEnLigne_Element1` FOREIGN KEY (`idElement`) REFERENCES `element` (`idElement`),
  CONSTRAINT `fk_Element_has_InscriptionEnLigne_InscriptionEnLigne1` FOREIGN KEY (`MassarEtud`) REFERENCES `inscriptionenligne` (`MassarEtud`)
) ENGINE=InnoDB DEFAULT CHARSET=utf8mb4 COLLATE=utf8mb4_0900_ai_ci;
/*!40101 SET character_set_client = @saved_cs_client */;

--
-- Dumping data for table `note`
--

LOCK TABLES `note` WRITE;
/*!40000 ALTER TABLE `note` DISABLE KEYS */;
/*!40000 ALTER TABLE `note` ENABLE KEYS */;
UNLOCK TABLES;

--
-- Table structure for table `professeur`
--

DROP TABLE IF EXISTS `professeur`;
/*!40101 SET @saved_cs_client     = @@character_set_client */;
 SET character_set_client = utf8mb4 ;
CREATE TABLE `professeur` (
  `idProfesseur` int(11) NOT NULL AUTO_INCREMENT,
  `NomProf` varchar(45) DEFAULT NULL,
  `PrenomProf` varchar(45) DEFAULT NULL,
  `discipline` varchar(45) DEFAULT NULL,
  `etablissement` varchar(45) DEFAULT NULL,
  `departement_dattache` varchar(45) DEFAULT NULL,
  `module_enseigne` varchar(45) DEFAULT NULL,
  `emailP` varchar(45) DEFAULT NULL,
  `mdpP` varchar(45) DEFAULT NULL,
  `telP` varchar(45) DEFAULT NULL,
  PRIMARY KEY (`idProfesseur`)
) ENGINE=InnoDB AUTO_INCREMENT=15 DEFAULT CHARSET=utf8mb4 COLLATE=utf8mb4_0900_ai_ci;
/*!40101 SET character_set_client = @saved_cs_client */;

--
-- Dumping data for table `professeur`
--

LOCK TABLES `professeur` WRITE;
/*!40000 ALTER TABLE `professeur` DISABLE KEYS */;
INSERT INTO `professeur` VALUES (1,'BENHLIMA','Said','hhhh',NULL,'informatique','C++','said@gmail.com','said123','0682731627'),(3,'Oubelkacem','Ali','shhshhhhhh',NULL,'informatique','Genie logiciel 2','oubelkacem@gmail.com','123456','0672819283'),(14,'Hassani','Hamid','azerty',NULL,'informatique','analyse1','hamid@gmail.com','rzfdghff','0672819283');
/*!40000 ALTER TABLE `professeur` ENABLE KEYS */;
UNLOCK TABLES;

--
-- Table structure for table `responsablefiliere`
--

DROP TABLE IF EXISTS `responsablefiliere`;
/*!40101 SET @saved_cs_client     = @@character_set_client */;
 SET character_set_client = utf8mb4 ;
CREATE TABLE `responsablefiliere` (
  `idresponsableFiliere` int(11) NOT NULL,
  `emailRF` varchar(45) DEFAULT NULL,
  `mdpRF` varchar(45) DEFAULT NULL,
  PRIMARY KEY (`idresponsableFiliere`)
) ENGINE=InnoDB DEFAULT CHARSET=utf8mb4 COLLATE=utf8mb4_0900_ai_ci;
/*!40101 SET character_set_client = @saved_cs_client */;

--
-- Dumping data for table `responsablefiliere`
--

LOCK TABLES `responsablefiliere` WRITE;
/*!40000 ALTER TABLE `responsablefiliere` DISABLE KEYS */;
/*!40000 ALTER TABLE `responsablefiliere` ENABLE KEYS */;
UNLOCK TABLES;

--
-- Table structure for table `responsablemodule`
--

DROP TABLE IF EXISTS `responsablemodule`;
/*!40101 SET @saved_cs_client     = @@character_set_client */;
 SET character_set_client = utf8mb4 ;
CREATE TABLE `responsablemodule` (
  `idresponsablemodule` int(11) NOT NULL,
  `emailM` varchar(45) DEFAULT NULL,
  `mdpM` varchar(45) DEFAULT NULL,
  PRIMARY KEY (`idresponsablemodule`)
) ENGINE=InnoDB DEFAULT CHARSET=utf8mb4 COLLATE=utf8mb4_0900_ai_ci;
/*!40101 SET character_set_client = @saved_cs_client */;

--
-- Dumping data for table `responsablemodule`
--

LOCK TABLES `responsablemodule` WRITE;
/*!40000 ALTER TABLE `responsablemodule` DISABLE KEYS */;
/*!40000 ALTER TABLE `responsablemodule` ENABLE KEYS */;
UNLOCK TABLES;

--
-- Table structure for table `semestre`
--

DROP TABLE IF EXISTS `semestre`;
/*!40101 SET @saved_cs_client     = @@character_set_client */;
 SET character_set_client = utf8mb4 ;
CREATE TABLE `semestre` (
  `idSemestre` int(11) NOT NULL AUTO_INCREMENT,
  `LibelleSemestre` varchar(45) DEFAULT NULL,
  `idEtape` int(11) DEFAULT NULL,
  PRIMARY KEY (`idSemestre`),
  KEY `idEtape_idx` (`idEtape`),
  CONSTRAINT `idEtape` FOREIGN KEY (`idEtape`) REFERENCES `etape` (`idEtape`)
) ENGINE=InnoDB AUTO_INCREMENT=15 DEFAULT CHARSET=utf8mb4 COLLATE=utf8mb4_0900_ai_ci;
/*!40101 SET character_set_client = @saved_cs_client */;

--
-- Dumping data for table `semestre`
--

LOCK TABLES `semestre` WRITE;
/*!40000 ALTER TABLE `semestre` DISABLE KEYS */;
INSERT INTO `semestre` VALUES (1,'S1',1),(2,'S2',1),(3,'S3',2),(4,'S4',2),(5,'S5',3),(6,'S1',4),(7,'S2',4),(8,'S3',5),(9,'S4',5),(10,'S5',6),(11,'S1',7),(12,'S2',7),(13,'S3',8),(14,'S4',8);
/*!40000 ALTER TABLE `semestre` ENABLE KEYS */;
UNLOCK TABLES;

--
-- Table structure for table `user`
--

DROP TABLE IF EXISTS `user`;
/*!40101 SET @saved_cs_client     = @@character_set_client */;
 SET character_set_client = utf8mb4 ;
CREATE TABLE `user` (
  `iduser` int(11) NOT NULL AUTO_INCREMENT,
  `nomU` varchar(45) DEFAULT NULL,
  `prenomU` varchar(45) DEFAULT NULL,
  `natureU` varchar(45) DEFAULT NULL,
  `emailU` varchar(45) DEFAULT NULL,
  `mdpU` varchar(45) DEFAULT NULL,
  `imageU` longblob,
  PRIMARY KEY (`iduser`)
) ENGINE=InnoDB AUTO_INCREMENT=34 DEFAULT CHARSET=utf8mb4 COLLATE=utf8mb4_0900_ai_ci;
/*!40101 SET character_set_client = @saved_cs_client */;

--
-- Dumping data for table `user`
--

LOCK TABLES `user` WRITE;
/*!40000 ALTER TABLE `user` DISABLE KEYS */;
INSERT INTO `user` VALUES (2,'Ittobane','Najime','Administrateur','ittobane@gmail.com','najim123',_binary '\\\0JFIF\0\0\0\0\0\0\\0\0		\Z\Z&\"\"&0-0>>T		\Z\Z&\"\"&0-0>>T\\0\"\0\\0\0\0\0\0\0\0\0\0\0\0\0\0	\\0\0\0\0\0\fh\FhĒc#\ZH\ZT@ DP\ŋY29$\	FH\\0 P(\0a1vbX29&I d\0YD\0\c٣h\40\a@ \"1xŘ\!HBTAjhfhYh\F#H`&P@,d\n EQCXIb\\	3/\,A\0!\0 PS<.Z4fY:{\\?B,P\"db\\1\cU5Y=^nJk&2 bHD\n\\c,a,I\^W\vY5*\W; ,\0P@!bX,0kp(\w\\EB\5k\\$E	b*\i1rŌ,I\q\NmcD\\\\m\z[,\ŤbĒZY:.\Ӽ\orZQ09ȻU\\(T\0E\"\rIbq^a\ޟ\e\\\bQJ`\>\E߅PU \0\3\Axf/~\\u;\r$\\\NB+;\\-!&ay_\=S|˥\Z\W\zI\lB\UV(-h\a$\KL\n\0w\d\M/\\\\/gS٠\0*,\$1F\r\\k\\t\%\EXD@1bX\Z42/[Խ\͜6\Io7%GH\0UP2\\F.,\1c\\\q뗂\O.vo\>\UU\rĴbdf4K7+\\0RWכ\G\C羣\~\(\\G\0*jX,\$YSy}\0\nW\\\|\\\F>\nA\"j+L\,\\#a~Qzg{?{\\\\|V\\'̟<}\>f\~\2 \0V,\via&2|>Ԟ\i_\\|\0\?K~/o\\PZ\".͙\c\Ig+\p~\/ż\r\B</\z?\t`@Vl\X\I1$|Q\F\'Ӟ\\<\0\\\)\MV\=`\\n***VVffb\XhH?4pB\xO!g_\1{bz\\k]6\\5\ʀ TP\6n\\ı$1w=~q\a\\\~\0Sⱷ>G\BB*֪{.\\9f1FC\/x{o\}\r\y;ڷ?׸p{\(+UQR ܳ$3Ж\9>\O\n\#3s\:I\a=kEQ]uޖ.\䰒IM\՜\\~_gr|u>\sK\yƳ\Lo}(HB**Tb\c1s\Z40?9\\~v\\継\W!MhT\0]u6Y,x\\\c>=\0b\`\؛G>WM\]\p,U\n\"%iѳb\4 4igx7Ǡ\<\N#Ժ?v(\nB\"J\D謲\\33FbI_\?Qp\;\\\7Mb*(T9.K$C\=}\w\{⸝OQ\\DEDUIҵ3;;bL$\<\\nx^\"\/Q~\\u\Z@\"f1\7E\/O\\\\.\\y}\*HXJª%Kӽ\ar\\ZB#O8m^\k}_\:\ט\UVkD:\\Z\\\\Bd_\\h帜}i\Mnt֊QT%kP](ukZ\\\K\\q\i8\O^^\r\5jIXP*\Wc\\\\&E_ڡ\\-\\aյ\\0S\\\\>\\PkEkJ骡\=c;3\L\\sC\'a\\g}\ѥ\;\\'[\?JoTUEZ\kR%u\])\YkX\\sa\,ͥG\+Y\Y]祧x^\ߪ\UJҴJk\{,w<\\mV>^W{\ku\Ng\o\}( TT\*J\wٝ\O|1\O+Q58l?~\~\\Ujk\찳cU>>o\\j\}gVU6;\u\=\_ZJ\JҪ몪;{3i>M3\\\j!\쾟<^{E~\\8\l_\_RDJꪴꪺ\^\\,\\\\ZħA\\VY\\\vϺ\=\䡠\`\%t\UU%UU]]}X\\\\?\'L<iUm\\jn\_#u\^\̳\L}骪;\\\&9XD\\=O+\\n7E\{\0\^@\}r\\}\\M)UUSU]wk0(t\\\(\kgޙ>uJfx\%\"\\\\r5WUT\Wfֳ\<{HH_ʪ4-2p16~{\\F/n\)\jw\\{[\\~=tmj\BS\nǿ\\\}\\:ͦM[i\UU\Wlq\\eEX\c\N.\q\jz\\\\\rR\蟪\]t\ڿp4\\\\[\\kfZ\ܶ\9mr_[\e\\\+ۊ\c\ՅV\\.ZX\"\XVR&o)\֖\Z\\ޚia\Tҕv|\\`\-ޖD7%F[\\'\6WcY\"ԸO>󦪪\?+qeXh%Zlg1\\aĨb\\\\\7_\ZZ\\\Jۛ+vm\īn\m-\Tw\[;UF2\"\iĽ\EZ_=KsȕeN&Ƶ\\W״\`4~z\UUDXS(\ξ\.Ȗu+1(\qlƯ7*\gU+{_U\"f\\nZ\ٌd1\\1\\\%ܞP\\0\Z\0\0\0\0\0\0\0\0\0\0\0\0\\0\0\0\0\\0\0\0\0\0\0\0((\05\}\0Pi\\\f\v\0 W\q\\\ݰPq|\lz>A\\˺j\\\=JC_\xtzgEe_\tz)D\0\_\\e,*\Z|/;O>9绿\\U#O\\\pϮ\,`KW\\\c͞9\\)fEH\\4Ǐ\{޸Z\",\i\\N^\PD\0c\ǃC\@5^^\/\\0\\\\Ɇ\\n@\Zpn\\\\_t\\0z\Ǉ\\0Z\O&ᖙ\]-bO$.Ls\\s\\\n_&\<?7]W9yXes\<>\\^wQPÇ2\O7\\\&\݅FUy]=Xk,t@\-\ܺ1\0U\\o\"S) \\ؕ$\'~ǚbRR\\j\{7_\\0\0\0\0\0\0\0\0\0\0\0\0\\0\0\0\0 ( PY@X%P. Yʊ\nm|5\03\ws\S\\\0\0\\upϑ\\\P\y\=95\\,W\\<1\k\\煅\0\\;\]z60 w\\ۧ\\|xjsAR\@C\\{\rmi\/\<B \\</̹\nl~\\\\\\rF\\P\0%g\o\罞\\|\0;;>:ϐ\	@z;{^z<\tn\\N\(\\\\\\\.\r%\0g\\\\\\?̠RYhW\W\\	aA@+\\zry\\\ Ŕ\n=ߪq7Z(.e\-_ѐj\\\k\|Gc(Ȩ>Y!\@	~\,H(RXX*,Y2\A`T,[$lYj.9B\Id\\0G\0\n\0\0\0\0!1A\"2Qa #BPRq03@br\4C$%c\ESs\\0\0?\0\c%zrٹf\Gخ{DFMoOig+,\\x+\Q\\"=\Y>y`\__\.\<\nl7N5\tL\1ˢ\\u}\Nqte̮F\tNf\0\\\;\\&\q-:+\\\\\9\cHnk\~I\mYhѠ\;\j\^\ｂ~kjrj\N{XBGZe*\tatK\\'̀c\4\,;_\\p\\k$v\\ϟqu\\'T>\t%<\\nm.\q5m\ڧXҤ\Râ\\$lvZ~iY-qÒ\N3\0\Թw!QO%\*xtM	p\Ç5nB\R\$\'Ohܟ\\ꡚL\4\\Dh\8fn\R\ؚbh@G*R:\ïdanK\'G#rEA\\nd{*A\^\0\\\\L\\iq\%k>#\Z\]\\u\\^\d;xjA:n5C9j\\q\76FR9|+\DC\\5Q\0S\\\íM\Pꙡ\\ADpJ)ڄ\d\a6\"rR\:\;K\l\Rٮ{\\8\[Ч6\\R\:g\\%%\$ܹ\\\Clo\@E\)N+c/8\\\\Zg92_\u\`!Y\'\Zl\v\z˖\}8_}խ\\n_\\>\k_I0;d*HoyQ\hOf\읉ewh\EZnͲ\dRUKtn\[}Sq\#w\\~\\\-CùT7\?\\xd\i)FTӱ\[~c\u\\s\'\8%\}TaŻ^\Tu\\lr\ݕb5\)\	115賓\\jY\5C7h\\\,^vל\1e]WMK\\p彼\5UAm\0ˏE\4\\#3_Ra\\iq|!\\r\lC+?WT\ESH}4c\?u\f*\Zcu-/ض\\|[3-X|>Q\\9@\T\\T\/\ru\n+\\\\\ycG\\U\'\־w\\a~OP\D\\,^\e9Gh1F\C{*{hజ:cdfu\7\WaKˬ\{_BIdX)0V.H̯%\\\'\`\o4ϟs@\܇\bK\0\i䩰\\Z\k:\r\S\,\nm@ǘ^S\\\Z;~iJ\2t\bxpzH \ƪi$&H\00+#nh\u5;\GFtHh\'\\zY.\\~k\f,tܳ传nn[Rl\\D\07\[\pqU)\y!J$΍F\\A\Z\ Y\\s\nl\ݔ\\Q\\(\]Uᯁ\XFS\*Z^&f)5\KY(\MK\\\Ö\\\%QCeF\Ihݹ\n*~`\\G|νZiIX\rWk\H\(\Tl\cb\p;w*L.(E\\ޛ]Y4\c\\#EԢ4X\[\<G0|F*\@\\O\N]o\F:\k~k\V8tGcuX6S+ak=P{m{$g/0k{\,\ewh%\Zy54\cnjgs\S	!fF\G1\u[%p\MĨ$s\Dv\'Ga;#\UE\O\V\Z<SN|`\fa=Sz8Y،,.8\"|tΉǴ\Zl]\v-S͹hj_\0M\\[\\\o\0P`G\9OT\m?x\"a\\r\\8KF\M6\GM玳W\'\2YqGQ̠y\\kQ\\\\>Mwc\r\t\\\n\\=ּ\~\%\b~T\viч)i[ܢ9\n\Zn\\N\Mu/\ncy@f.\n\ZJ\2z+35D.\1^\+\O\'s\(ۡ;\:LVV\7W3]0\U_SP\\0j9U6(7)\UM<ffv\'\Bk\N:\)]\ES^\ 1\c\vC\f\\%\\h\\G\\*\&D}g\b\[#TI\r\q\\FaTxQq{\0beTCǽ\\\r\z\n\}쉻T	\w3uqrk(\%y<f\\\G\05G)\n+\bh{\G|E\͍\\ZV\e䪩	zfl\\Mu؊wU\3\\IٳT\.wwqhL6\\\׳\vSI\;~k\s*\"a\ZL$h\\\rS\\:rO\!B,,\v`cڕ\1\/T\2;\o\}\3:Hdg\\>\\'\\\$*\DAi)\\_§\e(0x}fyL\N\\F\\'`\g\'\u\\\1dӌ\\[SWE(ꑸ;\є#\{_53\AU\#$\ZhYR9XT\r/>\\#y\ \\\rFuU!=U\rVU\rc\\\ru\\e)ΈjU-,o9\(R:ȿUS0dysO\**c%CX(\~TRum\0EUN\O5J\_k\r*\e\\߼bs\\*f\@\2ʳ\I/z2\TJIO#lߙf\raX-&g*i㪂H_\{ll:ѿ[dcHU1+T\ulVnt\0\\\d\JR\\Giu+\8\F,\Y\T1k!\\*pΞ;u\o\0\a9e\\B\\nr{(>\ꍂ{ԒE9\Wd[\@Q\mJfz\\\s\\\ycq]\~)f%!6FgP\Z\e!ND褒\ԓ̟;|P\l\?@\{?wco\\0N\t]\9\M\mXj\]j\G3\GUDkRִ^se\kB\\YSHyWO^\N	|nk l=%x;Y\'z<ɮ\'r\7@\r#\r\]ã\\\\0v\y`\0QO{\-R3@Ye@&\"ucAD\J#B:5Jk>\"\Z\r׍b uUN1:\52\r:\k\\\*:\\M#y\\\J\i9Oi e9>\\\y\\$o\ڝJ\0Q@/\̩\j\\\QM\\s6+/tv`Nhp\K\/G߲.or!>$\	Y\rrz;	XmX\BVuև\\va~6b?\\n!.;rf\\fO\'\ëײ`\E\h\a\ZF\iB\TQ\\ |\y\	\9+Fq?\}!nf\T\\bvfouyG\\)h@ɴs^ҿ\\|v-AB;]त|{uL{yQ\\u\k!\#DEY cUaG\rlU\|\\\\\k\\pF\ՑPSg\w_Y-dΖC\O7D\v;\Z(ۢkP\\`\K@lƥm-A\\(Cw\F,.v\\/yXדU\F:\Vjϗ\8X^s+\Z*\GW\\M\4\P*9]\L\\\iw&UhE\D\\\n1r\YO%/\j|\Z8\K\n\\ֺ	/v#\lCc\\kyAHH\oޯpDWTPH\Yv&\r:U\dt\X߽h\raj=seUE\C \j?>gP\U\\ĩh]\w\7X=QT2ѳT^^xޣ\"\\\"\+.KiwD\\*#M\ U\ZQ(8]lenfVL*z)sDTXYw+C\\L\Ҽ4,C\\'\o\\K;\<\8gQI\7DXj\VAb\M樱H&u_w;\F9dsS#y\c\t\nHZ7]eV/;\\\7Dr?\\;.\\U1G\\,\0	\k\Z\\\\0\,e\Oʨ\\qs\\'Ӕ#wc\ݏ\'e\\T٠\04[\:yIO(\Bм\9gڈGm6ME(Թ\\\h1\\3\T!U5-`.\,[3\#l^>\QcՔ\rǨjlz\'w;ng`UEk\ӓF\JxZ\8\\\0M-Ց	ͺ-[\'85tS׽\X\\"\\v\n 	\jS\s0\\S\:99\\T\\*H=\FJV\\{NE\\D2V~JӜ\ՇT&U\eIVR~M;\n\h\թf_\jxj\'\q\\y9\\0줕8\u+;4<FA;\!}#Z=dQh:\\죤\)_\a\ |!_\d)!1:]y=Iwe\	Yn\YS)\Z\\\UӺi\\	C.]kuW<Q\C%Ø׷b.\'<N-+Ǡ&o\RI,/{sX9%E\\r.\u\}V\n50e\\I\ZKB\\\\\\\:)\d\L\l\4(\\3B+d\\^OB\Z[K^3j5j`\rX\X\?@xr\:p\\CJ1\d\s\YẈH\H\\Yu\\\SU\\3<O151RDd\b\W\\Q7D\:~oGpUʳd\Z\0ڳ~\\^\Ia^Kc9\G1\0\?\=\#Xj\C@\\dM\\+\tj\?eOU54)Xf3m6_\P@e\\\b8\h\\C?\׍\rvf\\^5iP᥊7\8XwQR\!fg)\\ܣ=ɔɌ\lyi\,mJ}h\_[]Y\?&*\Z\*s=\\\q/$ \cuM}=i\ \A\\by`3&z?w5°\e8x\'m|:Z\\\K\\\\Y[-dCw8={\)\\Zu~W:\Y\]_?\0%\֪`\\QC׉\\n4u{\'_9c\\k[\>r/my*Jٌɩ\Gp%]8(\{\'q\Z\\p\GNni>A\.jUA\ΫgSFnػ_Ĝ\Gv\d\\uWA_]s\^!ǒ*1i\<U(9Gz!sM+ɚ\\IYK\?Gн\>j䛢}\\^7\\n\\׆n;q\}UrCF\n\Z!\7uE?\/\\yE Z\x\\\8\\&]\y+\\\\e]\\nqW5\F\n\\RI\R\\06F\sy\"o\\\nGdޮ<׆.\4㺿iqU\\l\©\sr7$auu㸲i\\qp\n\O@&\~\J\vW\m\\\\P\^JOX_\\\\ˀ)Ă\\Z<H\\(s\{F|!5\[ \\.\\ßh\e\Ȯ{y\\0+\0\0\0\0\0\0\0!1AQaq 0@\\P`\\0\0?!P\0x\O\OrI]տl/O\!\EkA\ڗ\v(77\ڽ[\r\h`ų7Goߦt\ղ\\0%\'v\<	Q\\\v<9\\y\Ӻ\"\m\\\\#Mall\\,=V\Ȋ\hKa+B`h\"\\q-\tqmaN\'#F(\\l\!0\I*ȟH\K\'$֙\\h&m\"=Mi֕\S\/4}\kf)=̟a;R\ruhZ\\r\#b\SyQ?GjjjcM\w3DT4w\	\\!f{\	\Xƌ\"yĢ\r~1G\'MoZ_wb\Hnlݬ}\\ZZkI	\u!OBZQ76y~\rM\?	&D\MK#Pa=r8`\\lldK5jZ\%t-ؼiUЋF\j#\\\{۵q!^_,}0H&1K\1	B9uO%dծ\	m-[/\{}gԞ\M4]\vU\Wfu\T%\-[ \"_\Z\l\'a\5B1\S$\Z%<\n\vƓ5\WфN\:B}U\\'wq\\\re\nT*#oMqFn{ъ\\@2\ <\\,*\pO؟\'T!	lP\&Z2q\\\+2\*1S\{a\\>\HO\_\[b\p\\\\n}ĥi^kPM\[~t\[w_	i_\2W\rN}8OL\z\\{\\)̌\\%!١ΑӪ2p\'Tض0\VMQ\4&l2\#E\8P-O\r}̝\INa{!:N\3í\.\?W!\\0Mł!-s:ˏ\r\,oS}r~&M~A\	Rk\igWg\\ZYr$t\}\L\\86\\E9:OXS\s<.SD\\\0~ѥ4\\\7\:m#/dYcA\2\μbM+\+\hsTa\wr\KsҊ\H\\~\Eyww\\"Y34\O\;\kH%Fv!>\'\!=jR$\SqZ!#Y`؍1#\\;\䒡s3lqUfy\\Zf\6M+U>\%4MV\ݎ\ZV%7>̭ֺ\18)ykȳpH@\(\\714|y[1\mvʙ_g\Є\B[3>.\nhปky&=Pͽf\\#\\I\\\o/\QT$kZ7I\MRN\%\>\-Y\~tb#߇D\rhvMLzp3x\\#2Ne\D\'О\z!	\\:3qS\K\&hҽB,J\4\n>\&S\/\}	E\\\gF\"\u\\Z!m6\Sf*\Q\niTܭWS:<rxB;b\=\		\zHB!^\H\`e\W\iE\~Ê\0#,w\\)E4<rTXȹ\\U-_\]\0,1|¿\\2aovTћzR\D\\D,]\I\!	\z!NH+\VEd\Yqy#vc\J[\\Z\\1\>$\iv\r\|gcKlDȨrh\\B}I:OD\'E\0B\\\KC:\e1M.H\O\rqޭ\Q#i\;\nbSqfE<w5f࿀xḂwzY\Ja6\gC^\FNƧ\t+\5m\\0e\Z5]wI\-<f)X6\r48$mU*/QV,ZرD!>ζ\\\8Ih\UN5\\r41[\\\bv݄\\"Mʴ\"P\[^I.\\\_\"O+kJ\_3ZeFY\\}	鞹\~?!+Q>\UV\E>\\7T4`2/\x\Zc&\s=\Z0j\\K&\"vh}\\U	\}wgHBt!	\t_\\Ϙ>&f&\Ve\/䓭\.sk\nۼkg,ϰ\r\1%B\4)\fma\g\<\q-bO\Нa=OD\'GlG\K%+1\<u_c.dcvg1\95kۂiANGd!4H\	J\{2-&$N\>\'Y\t\'Y\t\'.\'︖\p\\814U\m3M\a,\*^v\\>\Ic\,\r\|\r+r.f[~\\OD\'I\!	\tCu\\\\`?\\d\\ni\C6\4\\Z{li\!\fr9A$!<%Jy>>\\'I\6*\s8Kq9X3A\\S%c]Ԩ\9\l\l##\0FJ\/L\>p!Bt\'Hi\\OM\,3L{B1\[T`\"m+䚮\T8\\G+l\X\'\\	z!C\;3/KCܭ[:g\n<1vWKJ)\3bòSط%\\*?\]\:\!B!	\-Yw]lAT\Z\3\]7.؏nF\A\"\\v5\4[c\k_\B\'I\\Bta	\!:N!	\vfxOܣx\1(żdu\;I\tDV+_)h\e؝!Bza:\\ruk!\u!:γUzf\V\Z)=r\*|NBɸ4\\f\i(X\T\"v1,ίs\`\:B!	\\A\:Γ\:N\\ܒL7\F\K-\\8T\\M\\V\\\\=S\	\+NB!	\k\B:Bz\,it_Jώ\1\_rڭ=d\'\n\\\Zo\\&\f1\Lx\\Lr)\7C9~\\p#UB\Bt\Z\\5\WY\t!7\\o\n,\\Mu;\jFk*h%\]\\7\\\P\r\n\5^Q\N+П\b\euT=WK5\\ Bf\\B\'I\zƽp!OD\\xo\\"4\lM\0\"F$60\"D\\\݋\"#\V\Be1٩J3(6\0aYW\,m\V\\\5\N\	\zE\zV2Ȅ\\s~}˵zh1\\\80k=pЍu\Z\\\\\)!,s\\'\kSHJ\OL!:zO]2΋l\l\r:3f\\pCk#\\\\\&\\Ү\,sqJ\Opȟ\Aq.\y\v\E\C4\=fţ\	\zG\vX\g\png.y7!u;~61\0f<&\~`T\\r1\^\5DE5\\ƒ5aXW<\\r\\>\D~Q=躿4VM=\ZN\?~G\\k\7[b\\[Q\v1e\\x\%\_<-L.\0\]5\$؊F\9YD\W28\K?~\r@\F^_Ʋ#\,b\v9n7\N迡=+\ճ\\\^\r8\\\||mM\	Gy-s\\ \K8m \U40>k\o\y,0G\\\\f\>[%\z *\G=pto\:uL4\+eȫ\	\\Ѯc\'М~Q~\\\0[\?\\1\**\d\\QyN᥵\9,4\0\J>\gHGSBr\ގas1M&SD\Z\L	#\mW+;s=\F\C?#:\0)w\Z\0\S/߻t\\e{ \YV\[\\h\\~p?`\\-R\\يk͛?\|q-\\\je[\0&v\N\y\"5l\T{\LsCM\ZJѼ.\\Z\0#i\8Q\h\ٔ\<4~Q\\0S15\\!mz\r\\8d埓e\r1+\\U\ctl7\\\\\\DJ\h\5\"m\1,m,۳1fS\i\0\\^N\\"IWO.Ra\\\"o\ŭÐRϹ\Sa>\˜j\p,B7\Y~{\n\\n\CY\"LB\Yؓ\l91\\K961\$-~M\!ߕ\r6C(>\:F\YI\!J\`:\4]a\\\\[٭}O\\ݸE\-\x:r\uj&2]422Ļ\a\qܜ3Awfk)wmR\YB>_#6\Oa}Ɨ\\\I\\rH`\\orLX\*d3#G\zZLGf\&!2\r,S]+uF_q23P\Q\6#\B&h\YEǞ\n\MAl\I{6\UTa0	\\mYˡv\"u#щ)Q\\\Nfl5ѡ&\\\)\\\Z`6\M	\#Fm\n\z]3xs&.QU\NF\\80\XjYIe*;\:\r\1t8\\wd\\ֵ;\!\1\\4׸\\g\~2\"*JX+jwG\R\q[(\yڡJlWGalMޢC(S	ʷ&2&\||*޺\$g_|M\\b\qm~\rɞ\\h/\3T=.aV\\0B.?xr6\x+\kuE\Z\[W*\\	cVa7wDރ}ipX0Թ20\\]ǈK\"c<\^~Gj:C2\m\r=\+Q\\\\:WM{\)\|\a2mL#\??\l\Kфe\f\Z\N\Fؚ\\4\m\b*\dƺ\X6},VO}\'\n{	b{\RQbc\i	\*h`\ع\>\\X*6y/\nu\Cܭ\;$0Jo6\M]f?\Z	%k#Jcr¾\\dsmL\\\\r\\=\fByYl\յ!L\rFmr6=\Po\1@%U\N5MJ_<\\pO:$E\i\>E\/n\\>楔N\rD/\Z&9l\M#Po\\'j+2?\;\+דc\r\YO\7=\\\>CcyCkU\ݭ&ڎ;;vO`\d=n\^\^݄Δ\\+\\1aXu<\dZ\2\\_F#\BlV[kB4[\a&&\rb\",{K鹩\D].Eq@m~QMYow\v\M\Z\\w\\LN*DDRb\6\I\[O\"T{O&\,,{\ZF&(\\\m\\\\Rkd\Ѧ\r\t1\%\2\'0h0~\o^\ǰޘ\c\\\0\'\0\0\0\0\0!1AQaq \\\\0\0?&4~0h\\i`4\L\\\C&\0\|M\0ý4O~&4ɦ\q9?\I\O\hhi\\\q~\3\&\\|I\4\Ŀp?&M4<\\>&\\2gvi̟M\K\'\\C\\\O\Z`\L\M4\ii\0GL:i\\I2i4+\'Ę>\\4Ɵ\\r9\O\\04\h|&\|M9Κc)sƟ!=ct.\>\.\r4LM2M>?	\\膚M?\2i~nM\:I1:]0in\ i1C$-<\\\2/\\\\\\M2ih?#>&\\L4\O>\r>0`ӌcU\EF4=F6\nX\"uu\_-\yK\\08xg\@GZ<7)I7\r.M3\\'ɐM3s\\r>#GL	\\\\|1\ʀ Vz\n4\Zi7ܠ\?w\zsѨ=\'/C\'\\'с\"\\3\\\tjo*:eN^nsB%O\\LAU\KGOM2i?/\R|C\Z?\\1\\r0iL}L\Zi\f\\Zʔ\?Xo\\\=\XkQ=uR˷(_]̙\SҶYB(;\ow\=[V#4L8ڸAw\8\\0x\\hk\gA\\F\\'4_I4e\Ltɞ\\ri\ݹ\\nۗ4\K\\t\qiE8\n8>OrO\hyY\?8\'*\R\-\p\\0`:\+\\\L\\0;\Z\0\\֞\\K\$b?`D{\':g&\\0\g&s2|&q43\֟֐\\K`r\\ù ðUA}N!*zp~\"\<Ld{\+\S\Y$K\\\N\9j\\Zf T\n\:\Y׷!^\\\\Tt4d\fI4\\Os.M\LW\\r\r9\KM\r4p`\,\W5\r\ΥJ\%T\^TNsϵ\\s\JǌL^j?Z\\~LPa;S2Ĝ\}?W&pӘ{_Á%c\>s>]\\\\n|L\|]>\'\A\vIΜ_*kR\o5$@[\\\\v\roN\x/}z\Dn\'=)}\0z9zq\\\<\5\} |\{r쐈7}Q\\hU2	\tg&ɧ\i\rh\\\Zn?c\4t\qr\'\\<{p\<%9Ԟd/\\W\\T\0\\"\UQ82Hp\\\p	rLpγ[L\\1wƳ_A.j\\xp\z\\k9R1\\'\ɦediK\0`\M4Ox:4ipM4\:i\?\\!N\.\\'\'\`\?\\N\\\0Ӛj8\a\A+x\tu\0*%Yoyݑ),H/NY\\|?\G΀\U;P<\5i\M4mdӜ!2]8\L\Z:iiΚqcL\Zc&jJ\xt\0Y;\Y@O;+-p\\'z\Ej]e\28\\Y\ᦉwI\\Z0i9X\:;O\-w\\c\iTX\'O>_\\00BM h*Ò&fO>\'>&~IM:\M9F\7\\w\|\/\x8&YF\?Fd6\\n\k\0s\r`Zp:=4(\ë`8\[Q\CŸ\0\n]\8F\\0Nfǹ>fM4\M\r>G\\\2itӜd\>MΚi\\\\it\<\#@8?^z\LS\9\YRe\"?x\љ}~\\GHGYaN>ZYі%䛭\NF\";\0\09Mׇ\,#\\\\\\X>j\A\7Lq\2s\?p`\GrɃ\M\._aOrx<Nu\1\0\\܇\m\Ѥ\r!\a\է\fИ`Y\A\?\\=/h\\Z w/E\ӘE\zA\'}9\r\\\,\\\Mn/>̘;HWqgM>&M4\&t\&i~`\sO\r/\|}\oc\V|s9`\\?\\tcOuCdO\\\j\ܿ2)g\\\'\\0Dǡ\O\0\\\\\"\1|8\rPc\o!\\,9{Έ2!\9c\|2i]\\5gM)\'9W92\84]04\IM_	4\i-Ң3\3Y\\cA\/L,d 44yэ\uˀ\?_.:7A\07z5P\8YH\\O\6\\0\\")}\\O%Be\/]*],\0}hF\\\w\\\DĚ9>\A\{^źr\qP\Z/g1\\Zd\L|\2i\LJ\M4	q7\r4~W\\rv\q\0\\\.\y7=ho\\9\0 m;s­\XeZ\k@\0D~\u\\5\Y\Ph8\TgO\nA\vt\"3TUecj4#\'\\\Lz=\k\:=\OΠ?p\Rt\̞]7\\r\\LM2\ZdL\i2d\i\r\Zh`>\ZiM\(\F	.\\\4uÒHշ&\\n/璓\˧dr\\:9բ\v\0!\\\^\jI\g9o0+\\T\z\}-A⇶FAMq\\DP\Ɇ4\\'gXh\"\I\G\U\Tf2\\O!G?	2dL\O;L\r1M\Z?	+,kϰgfś\j󐘇\\ެ\02\0Apg\x6\ߵ!\\#\ט\\\\rO+_{\k\`\\)\XN\\>^\n\^\'\\\0\r\A\nIa\o\04\M2iM2df>dӍ.\r\nc7\r4\O|L7\]nt\3\}:̩u\N-\2[J\V\\>\\TG;(}Qt\\d\\s\\\\+x@\T\ZCU_i\'i$-\\\\A8KO$~!d\i&>\<\\\\`i+\\Zi>Qr:A^_9\G\y)\q5^\\X\9~p|05\\\J\\K	\\\7\&(&\Zɹc\\308G\rXu`ȗ\ RV/ܐ/dC\l׾\.\3d3~\'0L0`ƎΘi>nȿy\,+\i\"_8R\u\s:uT\\g\0\rK\u`\,-\8/\j5&A8\`xf\\\Ј\r\\\c\>Tp#\0嗶z\0d\4\d\xɣΙ1Ziwn\r4\\O~S~Acl\^k/v\\T8R\ĸ/Cc!!zbqY\\\T:\ \'\'`ۀ\0\EL\0NJ\"BJ\\Ġ_\\\?LO%\\%\i\\\	0`\\4i\r3xB\w\\.9B\"\\ӌ\'\N8ǅ\\a\9\\k\׎|\mWtGU̈\\\.\\\(*<8.\~̖|F\0\Xf2EO}妐OL2g&\Fӣp`\\\aM\0|/䜊\n`\\hdGH\ߜ\,}.\"@$\z\By\\c\sn\7P\\}I\H\"޹93\\\H{1\\yzbz5z*u z\سߦ@G\Zg|?y2`\#79\\\\d\7/iM\G\\?1a\\\\0Þ]\\%\\p\bp\"\rG8H=Th{U\r{\	W\01뜜 \\P狻LqR\Wۆ\<\	L\ɦC\\'\ɣ&q&qn\>X>\.qMW\(\\B\iyx\Xv-d\؜S\)|A\\ha7Ca\?t2\\<ւ\\s\"uL\\(IZ7Y\\0Ѧ4\iӎ?\2d\3%\`\K0&K\0?\d\97\m=t>\&.eA\Z>Ó+Ф~\\"{p\\\.\DO\4Y\!\\i#22\\rQ\@\?\f\"}\\v;u\\$\0I~\\d\Zd\#O2a2i3pu>\r7ai&rau@e|rb${gYƑ	\_\'\i!S,\\U\g\\dxEW\/\5=\0FC\)%\\2ШwL\'`d	?LHd\?gM2nɓ940`\r0i>\0\0\L\\$	DF&\Ո\9x=\@PI򽞿3yQ\?IH\*\\\>\0\\ ȴ/}\xh\\sV)[o\Qk\uj\+O4\2dΜ\ɥ\&rd\\4\p`\i!\r֢~}=-IƗLQ\?σ|\Ť\n\\\n㋼e\\\0$\\z\(9ʊC\5:E\|\/\=\-PM]\\}Oa0 \\0\\Z=&Rs3M2d\\'\dɦM2a\9\\2c >	|L_-4.Fjv}\t\\xԜqr\f\8h\Y9E9pi\\\\\{O\\NUͭx\0q%HI\\\\n&,\T\0su\\$4\L\\C\\92i0>\\ϹnX}D\K<\:L\\\\v\0\0 G4,r]1mr\3\Ec:OZS\310S+ر쓦\\x>Vq\M2L\Y2gC&O8\\`\aO.j1\\E\\\\D3\?xݒ<L5A9&uƞ=\Y\wL\Щny*Wy4]\\n\	6<\bbwy1D\j\\u\\\x\8\\dɃ\a08\?\0ɫLop4\n\\\x_\\Ď\\d\_\H\\wټ=--j 5;B\?pz\x?qTs{N\\Ix[L\M4\0~C&p|	La``\`c\ia\x\Z\f㤕rNƴ\\.\0Q8(\3\\\	B\gO;\/\9C\WZ+<\\\0\\\Qᏹh}:Ajf\:\\\Y\_q\RcDO_	ɺ|rg$#|0`\\|\\\MG/ˀk\n,xh\\r=`\\\)\\\yo\Џ\|P0\s\r?\ ĉDۼ\\1C\\l\}\~\\k\'\!\&\\g\@Q4\|882_qɏ8d4pnX\&|&\\D\үN\Z\\=r<tp`GŘE\pXHq;pkфq	d\}H38U\~sM-â\R,B0\q\\\01\9\d)_\N񛠷\e^CS<\8֛Q9\ɓ3wc\!0`\1ɦ\r5\\a͂}2\\އ[\j\/&+ظ?ct&\nu\\L9\\";@\S\\rH{?\i\E1l\N\iwe%\!|\M?g\\	G\mą[\\]rxO9\\&\0\?d\M0\8\`\\r.\r4\:n\մ澎\0Bù	\sp\Fe+Rȱ\=>LpzЅ\\]D#~r9;\Zp瘊$\U\'Ut_\H -\r\C\o+z\\J\)\\+.%Cg&\g\'.Ldn2d\?\Cw4ƕ\iAs/\\_%ep\*\_B\\\\٪H\\*r\?\~2wņQ\r\y:O\"Fi~+p\\\b\\xQ\+\\\D\\8%(?\t\6X@/\\\g8Wp\e\^]_\\\dE93\s#&A2L2d\N\\r\r\\W\'\\\q,u\쭟k!k\H\0~y=w6\\G\A\\\\\<f\y\Z^̺>˔QDyǂ\@\p\+קpjo2wxs7BEI\'俗\WxK=xa\z\>8e\y\'in k\愹0?ݬn!\)X>L39\ܗ8g80`0i\n\\~\Oy\U\n\0\\NlRxut\+\FI\\RzG5h-\ԂrJM\r#\~\]NyO@z\٫Ix<\0v\}\\/\"\\Pr\3\D]\`Y}(\5K\Z\ZeHJ8\0D\\\\@s|]U\>\\m@\\7\\D\\0\x\DdL/\Z	\Irʏ]-\0:cB\#\2d8drqN2a\\\\D78\3H߷\'s\\9\p\0}\Z\O\ioQ\0\lj\2k\\4S\i\\)H\\\\*s\\E\`\\\0{ڑ0*xZA\d_xay*&xhS\\\\k#\&\\*I\{#AU3~s.W\͐\\0\P8H\\eд\0}=\4\ժ\R	ĝ8\0#ʯ8\+\xVYo\{\S;d\&Lrq~00`\E@\0\nO]u+{\a@1^ӌ\\{ĕ\\\n\%Y)w U\\!\e`0:\\0\m\8kzSh\S\p\<\ϣ\pg\akK\_\䙏c\ZJ}+SW\M =W#dś0]\A|\\e<d\~m\\\{˶j\\\P\'18LH?\Co\A0\0.XO\44\]\I\`8\\\{n3L\0\Ճ|8(+\0\\O\C\ 7s\\\\?\0]y\\h: \\A{\%G \\9\ry\݇ ݾS\H\#gs\\Xt諉\~.K\\@(\\\7Co\"wK~Ͽ\p\\s\J.3\@)\qTt]:ܧyP iRC\03j>\0Eͮ\0?\0G8\\\V\갠r:\~y\0IY-C\)z\2dɆw8Wzg~y\\lKz\\Q \0M@v\~\@\-)\aj\:I\xw#xE\03]\n_\4ޜ\@S8U\x\5+\\re\0	OzZWp\.ӭT\\;ƊJN.\T\? \\\\;9ɼ>/z\*\0\\fbbhg\\\0su\\"Umpu:\\\*\\\\c\\ \>\}OyzG!ç\0\9\>\<=\K\`\c\yT^׌\0\\\yiy5)&C\v*yʋ߭ȟf\Z\s\?Y_]+C#\\d\dV\)\;?S( S6	P\\r\S5\r*g\\|ugr\r\\0w,\"}\nL0\Ȃyid{\Guu@z\Tq\\\<>\]q_\\|ّuH>\0qI&\'\\0\N\r\4d\$ݲd\Θ>RD˫\\0~!\p\-Y\F\>\0X\u\n\#\n~\\y\=nJ9<\_.콊\}\P)\\ugC̓\\r\`\0(\'\T\'8q\"\\\|a \n>Wf\w9\\\\\\D{\\\X\\\\0eJ\u\"\(BWR?P\`yܠ)7[	.G#}z\*9_cFk\8\ĺg\{9\\\0\Z2O)mD2v!\xQ\9L\4zz\\\8+\\t~vs.Vؽ\7\JD\镜\*~@O<9k>\nq}``Y\\K\\9ru\]w(;\\	\f/\\qQm\\\\\\	\/=ѕ(\\\[i\\\-\-\0\y׭\\\\\\\\\-\z\\Z>W;\T({\ʎ;?%&\0=\0\\ r\^l|\sp\z\vPu?QXR~R*ɾ͹XˮM3>\2\08\\?`d\&H\\=ut\$;_\\]rRr}/:\ns/M8Q#\0߽\z]s;2\Z#ߛ\&^y\\"\N\\+\@t\\)\0y\0oK2Sy!ʲ\w0\4;\b)_ϼn(1a\Swt\'e^܄%Ԫo<?+\\0pq)z!78}\'N}\9\!\\s6>r9\\]:`\\8U4\\q@)]E\:\^ʆuQӀ\FK,?\*](_cɑ\S(\#SFa\\q	/U7[\\\:`S\b\$z~@@\=\hܛ2)f+ǧ-=bLb\a^9\~B<S\\"V}d\S\0M?Ƴ\M\\ps1\۠\SZtq\'<_\9*}[\]\\%O\W\\N+9\U\Hx\\7*9\\x\ y8\\\K\q\\\G\0q\0ϯ\p\73W\L\Y\\H\iy8\$o-\\upɓ\nhN\\潯+\0\F\w3\n\i\޸?7.zy\U\\ZqCA\0zF\:k\xsp^(dB/\n,ߜ<XN\\\\F	!x\yr<7؜t߽R	>̡w=\(\D>\#A9\b\\"I=\<.S[2Tv\Ny\ t-5I,oW{\\#\\(cw|H\e\yZ4\\`\5\(F\ҏ\\3t)\\\z\U|8B\'\px\0\-\\\\\'8]1GA\Ox\	xG\\R\I\׼dk7\w/$q%!^zs_\8r3nA\'\\n5`USɄ\\\Z\\f ec\\qʖ\08zÚr\Z\\\X+F.\\X\0\^U\)9\N9?\\'T&\nz}h#8n\nҏ\p{f\Z)<#\\\j0ɜD\w79\sQ=g\	\\_l-\\;8d^=z}8|\ry21ޥOGG\hB\\9\UQ\OXCV\Mp\&B\\\ܕQ\;1\*)\\?W,N\\G\}uδo؛뼲\\\ˏ\(\	Ё~Qq\\;\9HP\\!\Ӝʣh\?)^|\n\|.:Y\\\XQE\8r\\31绩\\\\\\\ܢp\\\S\\W\\OGZU9M{\p\\{w\^5\\s\N\ّ\\'sÒ=Ӿb܃jO\.A\Sʨ\\\Z#wD9ub?\\0%\\\\ny5_xda\G]\r}>*b\'\	\\\N2\v\R\u>$\\G\z\'3\jyR0\Z\\p,\G\\\ZZ\̪\\NG hU\\g\Jd^U\\30g\xxq\p8[\G\^\\\ޓDa\\	HOO.G\\\\Rs\o]\ 0]-h\֘\Ǐ\V[\\$\\0>t\gs@\0{dpd\*Pp\s֡\\sq32yE|&\ʯI?\\\0\&\0\\N\"	])\\̘SV[\\0\\\\\̢L!Jtmf%|_\\a\\\\Z\U48\>pI]\'Ë́l`\\68,W\\\y8jM\\#\\9\$\rDin\\\r\lq\D\ڧ\\V\n*\/\\<A\rW\\\r9r {=\@A\y\Oݜ0\\f\x\\\\05\0\0\0\0\0\0!1A 02@Qaq\"b#3BR`r\\0?\0\0M\1u*N\"\gݲ\6\Z{,\\\x[G\[`K\\e\\\\\'rL6g[\\\2\X;\eVu\}=\g\5\ct\	;@لXL2`O9!#Dn\O\6y\\cМ\<\;g#\Ƿa!H3\\"7D$\482Ca}\Tω^\\r#\\j\rL\\G\\9\0S.\\~&a8e|Y\s+\\h\'\@t4ꑿCLy\ \\0z\h\\\\0L͠\92fTgU\ZW^\<~\};M~R\\eez\\YӤv{,\ڨ\\\\5) V~|~5>UY\j\<\A]\R\n\LVk\\\3n%evkW0\=\\Nq5/E\"\e yLl\\r\0\0ƻR|\\.q]\0	k\O\\|\+\'m\\!DB,qѰ=z~>7\0jq\2b˴NՎD=E\0v\e\\RcVA\^``\h\s0[##4p%jyc\\0(\0p=/7\\b\00yp ՕR3\N\1צÎ1\xW,vO\|܍YYF9\\M. Da{ Pw\0챜\q\0\n\i\vʂDQ\k\o\\&k}\\Ԕ^3\\%I*!$\1L7±\\|*\\=c\C)k9s\CՓ0FaFc]FK,b\\+ ?1>\8FOg\,7\J-\N\06D\/\G=ִ)\&j-\Gho\ո!\'Yӱf[%zp&2_N䓙@\[1P7{^\m\\\rJ\\}\\#raj+j<\m\r1-\n\MM9{0z	GWaK7𲵵J+\z\|\0\3	$\nLvqAY\\Ϸ0P2\hYU{\\D\&^NL\_Љc\'Wr\8d\!>F;\-l\i~u߹\_\Lif\X \z\PBH\1.t\P Ob\\Oq\q:Xs^\\#XOBE\0\WJ89\|K\ğ5~\D\4˓\\\	\\,zگ?oN6X~a%O>\NAvv3Yaӆ;\ӥB?1\\'\9\ճs\\\\Bl9r~\'0=\$Z\\X\nL$<z\8KS}\so\\Z\Q`vd\A\3\\<(\\06\0\0\0\0\0\0\0!1AQ \"0@2aq3#BRb\\\0?\0z\>1\\}ǰ8\c{4\ɰ\\v;mQGxy*(1\d\[\Gהr`aK	\Bta\D\#QC\Z.̡r\\Zn7jG[\T\VHӗs[7g6[\\H\l\\r v\e\\n%HѨ\K_Lq[\"0P\"u捄\\(z\FIY\\(\n`\5Uk \0}-Cy0Q\кO\A\C^a6s1\mVp[s8\qM{gi,ЩԮ\Z\Rfc\\\\n	Y#{O\\\`*`%lXpY\'W\<vF6Vihm6\\x\1x~b,\\\\# qy\Oʞ,\c4s\n1ծ	97Ý\\\nsc;\\#,s3\\qIa{PAfV\\s	Rl\n.iࠁυ7`c\gBeY!x{>G\c\\rH\3HOlS\\\\ZOt6 \0u:8]ݾGyL.\fb\\\\0f\ٹP\퐶Ь<\ŧ\,}\wV	[;-P\\HO-ƌ\ZO\J\\\\\\n.<J\H:\)qtt\ĵŧO\5}\C\\w]\ai6 \acc\\\!\\\\\ em\\m|++i\\\GZ\0X!`\"]\߻\iyO-\n\e\ǒR\yy\@([}ܠntmAL\0[\\u^B:χǛ!\1\\"\\ts\m\$>\#R\0,)In_\6{~h\n8\0B\k4wT\v\7VY)*s_ěKzcu\ǥ^4V\#@\Ҧ\\ѽJ+\n6\\\W\PQ\;Rr<z\qxQ\'\'KhwBB{OS\_2\nh\'\\WX\EKtX͜\?tJ\\P\0\S\R);:gFm\wqx\ZGU3\0\ʊ~\h^(+25#V28K6\0\\#>\j\\J)\-GK\oSo\@//;\*-\ۯQM%1\)Pÿ\dT8X7\YJ=\^\^g5q7\\\W\=3\ZBV;_\BF\u=\\\\4B\Q\Go\sz\r\!]\\"TIl\$u?t\e{ ;Byql\\p沾W-\0!n\\9\iq\T\3B*QEc]\Ǿ7\$lnڎv\!r<[\v\ry)\Cwp~\.p<5\jf\\n]\"./Ξ6\2=\@.Xlji\\\ZJ\\t;Okylm!D\\0C*C徺24lVx\GáU\\ٻD\zJi],y\P>2<@vWh\~xxǏex\\U\R#\C|\G\\ h久ϳ\x\o\'),(7,'Bekri','Ali','Responsable de la filiere','alibekri@gmail.com','ali123',_binary '\\\0JFIF\0\0\0\0\0\0\\0\0		\Z\Z&\"\"&0-0>>T		\Z\Z&\"\"&0-0>>T\\0\"\0\\0\0\0\0\0\0\0\0\0\0\0\0\0	\\0\0\0\0\0\/~J|(ۄBg\1chuչ\)%j\Z5\*EkDZ}\\>%\0[\*Mh\9\=B#\\A\<QiU!Le\"kZ5?O\r(\5\Xo\SVBݦBMVk\iÓ\)\nE\)dRW\\0>O\'KTe\'\`k3\\_D\\6\A\Vr\*)k_\\&\n\'8~e[t\;;\\Rs2u]솽\\nC\)^S|\\kĴ\r,ֽ`w\_\o	\\jmE\Z?Q\\Z\\F)NB\"\Oy\>J)=7\\\V\J\>W\\4\\,\d#\N9Kgf9\R\\"\eER<\쓒\nK7p\$9ØH`\\\f7X,\~\\pb\QTeh tn;\9V\no\[-+5\[\bVł\n\\}\qV\'\ݽӃ9ի\O\O\i\<*\Ǽgt/1{/\\\v)\9DSz\\-/қ1bDC|\f}\5PfG8\,\U7wR2Zc\\̀\}9\r \ɈS|*\D7t..WUq1f\&\[_\e\\BELv!k;S\\H\qݽ`\Ӄ\Jb\H#\#\.]EF3wg\=v\\YP\\n\\[\0\0]RbX+\s.N\Le)R|@Qz^6\U~i{N=\kT\3\15e\r\=jAc7؜:p\Ɍ_R=IZ\5\R]\\EĬ0!`Ǫ[&ON]{Qx\ӗ&1TE*\\8\i;\"Y#	3}\Z~x\37sؽ6\÷ns)DU\\*\%l\\\#,6gަ~\А4m:\:.D*v\ӷG9V]ˋ5\\\\\Lm>\\a\i\\Z\\aZ<t\}zdWi\0\Νrg%!\b[\,S\ן\\7䋄uKAW d\\\Nٺf\\\g9U<\ӺdԚNk-=ԭ\+oP.2Wc\ܴD\\\\nLece7|\]ԕ*\\k3hKӺ\\0\M\)ce_a\D=%x\ۇY\n0t}\'\,\;aYhv\\r.滋GzR\vPs0о\\\n9pU%+s[\&\\'Y\\.,\\v\\0\\ \nWWy#\·JY\\۷.]82P\n\͎\'8g9i{H}\1t\q\\2k\L^MyGh~\'<\)MCr\ۇ\\2!O\Z\JX\\j\r\J\;]\܍r.I\qtD\\\tn\\9p\:ɟa@\ku-bB\\\lkgi\V\6\%\!][PiT\k>}ӧ.Nc\^|c{ΙĥV1x\m\5@ѢmXƁ](Li\\T\\h@\\H\\Z^\\ܺ9JyB$nW\\'jԝ\c\6`t\\\\h\]\ml4<\jv:$\o˓)}\\CrER\\u[ݳ*ves٧\\J\\n٣*kvu\Pr\×E\\\1#\p5Nv\aWs\\3\r\Z\\\A{=\űf\!\Wk;pE=Heec^m;+@쥅\ao5Wn*Mam\\"FM\d;tw1B+=\F̐jq\ \'#Gū\t\潠X\/s-\$ݞo\\sw]5\\8)He/\!\Z)t\\\	\7\0e4{f\95\\\B\$\ru\Pp\ۓ)HU\\4W<>\uyM\\\\r13_\V\hLA\wn͔úF\6\\ˇ\89L\g\\\`y\Wweb[\n\?\+z\\n\\:咋\ݞ\<\˷Jb\#\\r8S\'}\>O\W\yf@N\Џq\v\tR&\.mB\\ӗ.LRW\\<\\\9\6\\7\+8\K\Eۨ\ZrԑW\\\$Ѹ|;t\ã/^l1x4dX=?Q\\.\Zx\jxئe\VZ{@fνFqr\c:v\˓!pHBGR\wntv\팮UP\3:&\\\\\y\.R#ϴ\Zw:p\)a%BP r\Ӯ\\+dѳw[\\;pث6\>\}Z\\\\\8t\˧)B{\dH\,i\0\nͳ[\z\\=Z\\bcMW,\ǤK\N\ZNq˷\\\2ȯ3$\rf\.03D9\F\ulX\\\\\\\uz\mrt\ÇF1+ܹ\Z!+^s\T\:3ye\\\^/\i\\\\rK:\W\\\g.9ps\\"\4#\ZS\qY\{\ƃkxE\ŵ<t\΃\\\\\tl7\'9ݝÇ)\E{hR1}ŶKm*\\a@$\uEäWiXX \v\9)Uh\1ByhֺҺ?Pɴc\0V6\2\زiӜ\83)%B!%#έk\m<˿K\\N)$\7\\\_Tv\\\Â;\"#|1\j>\-yةƯg\fXDܨ\2V;ӓ;1\wE9B\1M\+O\\8\~\3\\n\\\ZЗ\\Μprp\\R^D1@bs*5\+\d9\w\;\5b\͆`2\,n\\ÓR\Ed(@D\ی\"C\$i\\$\52\j.9^&IÓ9\\\CkY1\r\&%?9\VK\r\00mT՗Jq\[=~\0\c#pgGp\e)W\ˎB\0@ݲ\0\S|qC\h&5r\cX\ZB\*V\nӇ\\81UX\\ \0 [e\p\\\`I5	\w\h0Hz{ \&nsp\\\U\ZBD\ \0t{\Z\!d\O<)kEX\=\;;r\\1x1@\\US\<\\\Z̊\\W\rK3;wwl\\"\7l/U;)Hޏu\I;6I\\Z+3\s30ϰx\w7?Ç;\Ym[\n7?\\L9b)\ap\\Z\Qޟ=-T\\\!VOp`y!3x\\@\gd\\k\>vR\nW\\\rwդC?y#a,	\;;\nT\p\SZ\I\\\lFakf{w\nw_j\˥\o&U\P\\]߯\_wwMXl!\\BDU[\m\@Bvx\j\\3\\[B\ZCٖN\\r]w]\-\ z\\)U*/A\Sh\"\g\?7eۊŪj\\eg,\yM\]{zP`\F\C\'\4e\\,`\\07}uiݡ\tɚa,U_\z57+w\U~\0\\0\0\0\0\0\0\0\0\0\0\0\0\\0\0\0\0\ǫ,\\#,{}XDDz6Z\zZ\n\\^\"O\'\zWY++\\0	\Է\ך{U/(x\>lMbŪ\\wa\\\~sTqOL\\M49\eP\\'3\Q&=\640܅lsm&6*#2@GI\'\NZf)+sh\.;\v\~\\P\ٚO\UVyG\\\&%w	`+\\W\	x#,[!8K\nh\,TC鉙\AVQ߿g=\Ji\\v\\\\a\PQ띳:Z\\o@\\'zC\S\\X:\r\\h\\-Y\r0߸\U\+~\\0m\\,2T}\_:G*\{L\y\MDcND:_iL\\Z\`Ͳjhe\39,V\\\\T\\\s7Lu\\B\t)S#wJ\\\n\\JVc\rU\\nίK\1Ϯ0ƈcz1\\>g[g<V\Fx.!\"+\{4?\:B\Y|\\Z#Es\QJץ\,\\0|\")@\\	DG~C\\k*UX\Xꠝo۷5#k?*\\84C\\ߊs\şR:\0\EV\7ϯ\&0(:6!6q	ڹX2\g;\Z\\n} \c\tI\CXt)\AVVcDMFW1F1E\PCi\d!\\HᳯR.+5\\@iQ0\n;8숬1E|#jh\'\r+\\0\0\0\0\0\0\0\0\0\0\0\0\0\\0\0\0\0S\\*\s,z\0DLtL{s\v]B%\艙)\\we\d\8\Ӷ\'\jtt̗6fhy\LJQ\[i\LOIqs\\d9InY`\Sh\\\\.w&]:SK+:noh\\\\N}7ܿ5	թ\\ڵ\,q\X43\zdzQjR\_32⳪\{?E\"p\')\Ts}\'\\t>P}7\6bP\yv=۸\2\Z\c\i\5s{՘ix܋݄S\qǢ5p\{v\Q\nV\؞OW\LOh|wg\U:t-\D]\]\O%0ql8맔\{x\\\w\x\4L紽?K܁\vEZ\]\rEq_a\\0W\\\\m\c[+\zJg<}\̊\\r\\j<$NdN\|ߤy\\ܡ\\\Xno\x\\q\VNւ2+dg}\4P#o\m(i\3\+M϶U+3\&&c#զݡ_;7FTĈȺ-5\"Y:%RT\!L\Z\"\5\i/8Vt5\0\e\}e{\r\@\M`;H\V\\\\\<S\'dȞ\v.b(5HG\\\邙.%3M7}@yġM;\\fOLul\0=u;<\F?ek\xj\g\zC57\\r92/7&R9OS<k==\yռg=\Zj\\\	$z[ȥ7$\\\04\0\0\0!\" #102$3AB%4Q@Sab\\0\0\\\'9\Nrs\\\'98X\\}\\g9n\Hz\~^\4Gb7ͬ\v1Kfԑ\e\\\\IZ݀\ax9HĴ;\מ\\\ڃzaF\0\d\K\r_\Z\,V\wᦧ\mM\I)aʉ\9\\\98\9\\O\'98	\Nrs\Ns\|\\\0\\',ކ}\~#;\w\\{¾:VzMKNفv7v*Yg\\ZIp\\\m\6抲s#/\-S\\\\q4\\\4\LAŷ\^Z\G\\+[xO\q0V\\5v	o\R\\ޯ<\>\\`\0\\1˷}Q#sVzՓgڕXi\/\\a\r\HX5\%e֨֧(E(\,\/0\'\DC	ŵ\'\\\'2;	2嵭%m7`$\\rR]nmdJAk\mzT\\?S	fE_iP\p{G88?s\^X\0\\d[&\\c,#mncyOt͵\ҳdkLV=^\<\GS^672\j^;OFOI2r	dMȶ07\_ȋ\Yf-9 z\'x|]^\\fO\0\T\d\\YuޣY\ga\~x\Û]}t%\\m6vej\ԣ\\ԛ/\Z<jM\W}B\7ʅJ7T\rW\ ~=+\"䑹B\2\P*wo\i\\~\\\]\\,\\H\;Gi\\O\r\b\#9#刢V:C5=~\\\\XJWb#\n\\{\\?~)\&\\kb-jt\ٿ\R\\"!\0uh|O\jn;\=yv;\r$\>Mʡ<\-T]T\\0$Ku<4\&\D\q)xG\lF@*\z\^H+̾A䒸VXoH\YR\RG\xQ;fkzݗS\zʍR\H\XNTyp{a\?W?\\\x\X{45\Z\RLX\\߉W&Xⷰ\N\R\}\r\X7\\\U\\\w19WF5IfbZv\2\1|e6,u9+=\\!$FyѥYK£c\f!^f\\\\R\k\\/\\"OK=$\ld\U\\rQGz{\U՗ɀ\80`=\\\VeXbf>FOv\\r\\y\γ̱\ZǣɖnY$\yb2AoOo*Zא&\OOs\\0uV\n)\D\"992R\]\-d\y`2\'V\8\V!e8zk\UzԎ6\$C\\~\i\0	R7<\Ry9+<WK\V[e\q-ct*5;\Z\GOq\n\\0`?H\3n\k\=NeF	,\諞V=\\\2\\S\Zʒ\a\Z9b\h\n\~Tuc-\<5\IV!!E$F\+ц<\ʔ^\\ZTfYj\%hA9f\,\mb.%\\#^\K\Dn;\\\m׷Nx%Q$1臷\rĊ$D\ږOMf+UAa\?~%F;w(\.\6,\";gHc\ݿ\ZvU\~O\\i\"v\VX<1\%[_*C4rpNG%W\TA7\Lz\c\~pks4\"i&-b5EB4S\bJE\\8}J\fJ\$\vř+KnQzp&3\&m%f\r$^\\>EƸ0`a\aNnGRl_m|h\j\6:A[GE\F]\qR)-,Z\8S\'M\\KZ\=Rmz<\\0Q\KdȠhu0\\#V56tUzq}Oİy\n\G\]Ƣ?u].ײ~bhn()[RQ\0/*5\Wek\iK\K	\|D夰/ӟQT\\\\\q=\\\=kq\\L\\դ{dDkՈUV\Z\V&f\U\0bW+7\S\\AN\Z䅫R:\sq1b^:t\\u\ppFG@9\rȭж\Hs\\\'$X-u6*\0\Q\\_Oh6m!mR\\n?6DO\N\\r\kl\ݒ9\k\I\\\޵/\d\n\8.a\\\R޼\\\A\0\؛\3K\s:\\\\'x\-\ޕ>\vP\"T_YY6\\1\m#Y\Z\\'Z\3\c\\q\;\B%\ntƀ1\\$\~m$2v\n\\7+9\v\	A\x싕>%\K0\\rj틯\07\Eku10\\c\80`\8ǁ\l$tF\\=\Efȿ\\WEO\c(#\U+ՏPѯ\0h( \dJq\nB\:Oha9/0,c\\\>U\ԜJΧ}~?9g*\pP(\i\[\Z\6Ue\\O\&\'풢P\$FeͅtIx}t\tW]okOjєI2Kϖ:\뷎*qFd&zc\ִ\DSk\WV;\~\}Š2T~S[3<GYuO?c<߇\VJ\Jp\\\r^H<$Zcs\\񸍋U~E_\\k\0)T*>\Q[sr9A\v\$\_%\\0#+F3\\d~	\}\r\/\\g\Ǝw\L%\\ؑ6`\VT\Q%\nBKzz\\NgOmdo0`\\0Swa\Zdeet\k\)geF摚dZdi&\:5/\\pC2Ă>^[1\Vq\\Z\wkV\S\&6\八׍Av0\'\#\:`#\%i_I9g5\\"&E<\ِu0\V@\\0=cf$\\k&#<YNE\'h\\\+j\ю;G!im\eD@p`ڐ.Ҳ9\0%\rN7R\J\I;(\y\.\$\\(A 1Z>\\EVD8\\\n[\n\Ic\\$\euQ\楍4i\%N\r\\[)\ӵ\'\?\"\\K\Zm6J4[\nK\rs\ydٽy\Ri\=ec\\n܄\Tu\8\\ִr\"\\sIQ\b\\\0CYS`s[IL\%w^d\/Y~)\§\\rѲ%sȳJGcVͭ\\ZìO\"IllFok\\Q`6%!)5ȄWdɫ=/!õZ.\r\nEq54݇}\lk-\Z\	#K\"Oͭ(@\Q\3s,Z@Mw\\x?\}/Wxw2(O\\\\\W\[>d\&\c\(r*\\G_YBr(aBRT4Zܯ\Z\U{#/%X#\E\'%\"÷>H\?\\ѳ\\rMHTy|\F,~E:EEZ\"\\^s\$Z|\\|t\0\r$\\?\Ƨ,\\R\^%/\$$g<}\4اa?\\'+XZ2c\ۯE/+ZJMA1\\)X;\\\֚1p`\9\\{?Y\0fu\[^b\J\g`NdȖ\\H\\"\e(`\Y\XA\kO,\ՂZ\!ը#dT\n\0?|x@U3\J|\\n}<} \\\n߹\F\\\\$U\֠<\\T\$/)\n#\uZPp;֐s-\&ϊɹ\\knv\\3z\"&N\\0{\c\.H+z\ϻ0JKUH\\0ՒW\\q[%\G	`GZTOe\ʒVX[\$\0\b>W=iB\96U$g\q#/\ReRh\\\"P\\\lyO\"wN1yFF$\\Kn64I/\n\4CRN@\Z\\u\>wGXND6\Q\"ofD=\\\0`\r8\V_R$\ya\ik\\h5TGh~y6qrW};c\0f:ƭ$DM],l-\rzǃ\0:l\lz\'\ׄ3\h\װH>)i&*VIg`H}i\nd\kX\\=\X\\uY\"\KVORC:aꔳg\\={XI z\\\\IZo\'\M K\ս\\Z\X\ラ\6Kގ\\]KUhVG\ZjQF0`\=\9\z\A<\Ǝ\kI*U:g\iRmY\\eBYɖ~L\\1\s\̣gݕr٪\[ICͭջ|LV8\RQg40k̜\\B\\'?\\03牢wt0C\O0\ϲ\g\cSu\2#=\im\CR\h~rLvK&B\lBz\\č\\Kz.r\a\ru*b$[V\ZInr\0{\}5\0*\f\_$2نm6+&XcHS6\\"#<|iV$+\r\"m~kj\\"\\c3]+׬$^2Y\*6*\0bV\59B\'nyG\ן%H=eTR\v%!Bdy\\\"=9(2/Gҳ\{>cE^\m/\\R\i\\ndN	asbZ]K?H\GKJN\4Z\'B0b=\\>\\׺\ْ\zV\K\`S;f%UbY,\\l\FNQgK4\\\"\nӅ^vF\K,\Y\Si?iRyO\h\\"\Z\n{~5y?0בfV\<f۩1GQGIېX˱b$`;{h>Dc\]\z7hn\z.\\J͗\<\r\?]\\"t\P6\W(_\0ď0`\`g\s:o	\\\س?s$D\Ynj\Z5IXݗG%ёh#X\\\'5k\=\ւZ9Z\\ZZ\\\0\\,Ӗ\B-9\\"뺶X$TD\r)߶\l3\\\l\\ \r_;S5\m\@\{:4ňt\=EjK>\zz,/ՐDx[n\b:V\"V0Qw\0w]ߩ͔5REH\%Y.V?`0`\\0\\\V|;.++ka\V\?hׅu׊\/!2	\\IMj\\$\\Uyۘ-kZ\H$Daz\\XL\\:g\uhV̵P\'n\P\I&iQ\	\nkLǣKӦ\Czv΂\\UK\#\.\ޒ%mt~uSN]^j\\Xl\y:81\^\_掻vrIĺYu3]a0\.=aO\\ڣ\,\s\gXL+\ў+ʲ\Y\"\q\Z\n;P^VZ&5X֍#_\\-V5n\\u9\թ\`\\c\\"\Z\ZqTC\Z\35D#\\L\\D\iP\P%	|V\\s(\K\y/9#NZd\\0lG,f\n^ٜxIc<&iwb%y\W֭׵\\⍄\=\\?h\Jy^ʎ7h\a\gR[3O^f4\U\\0Y\\3O\W$\\B2\]ed\^꽗K\Ԡ91c/gad H$l.ܱXh(g\Vw3D\\b\Z4ces\\Z\0\E$Qa\V\`,k2~\Ӹ9Pbߥ]5|56e\5F8k\n5=\h\0\r̸\00`\f㏝\X,Y1_\ekK$rL\a	sҘG=X_^I]R)(Ƒ^\%LCV\\Ll\y}kE\0\g\gcxL\f#(\\UVYoCƲ\\\\"FuKeך	jz1[LI/%I\$k`Ա\b\\6^&+;\79\\̑ծ֝ÕNb\\0?\*r\x7{:`yԜW\\Jc\j\$`r̥\0-\5\렧\\Z͵\T\i\\nWPOe\?\B\ޅs1<<\e#p@\>T\<y%V	!\\i\|]\\c2\'Ħnu\B7\\<=lTxŭ|nX\rmeJ|~\'\V\:(\x8O	CU0`=\'kZrfƻU\\N\\W\|\\\Ťmt< lQV++\"i\5\\\3ŧ\\F\\\W\GP0͗X\\2v,l\		\XA\X\\Ē\v\cvJK\\ZGJ\\\Z3\c\*l\ZJ\p^BA\D\ah\\\Z\n_\F=3(!<\\\\9ȹ\\=\8Mqq\NΤstǁ\gml2c 6.*Vm\\'W_\\6	Y#\0\\2\I1RrO\F\R\^ܠ`\vv	\B7\UyV3\\\'G\ir3a\\f3r\\ዩ\k+I0\\qd\hX\*0k#΍\\\z\2a<ΞG\\'if$=a\\86;Yׅ\̓6Q\,##\\Z%ʟ\nr_UX\\)Me\AۨdQK2}֯#Yc\SeV\LWv\tZg\Zuj\j4\P\/tY%d\\2\8\\Fme\q\2>>CE);Z\/R\\'oyk\y<2S2,\0`\`8?Q\n00ߓ\1.\'\r>\NX×|#zɕWT\ȷRX~\TZLy\t/\#G2\(8\\VA\z\ZP\s\\T2<C%@\n	W\`̇W_0!b2h+H7\Dx\MY\H̚\9ǔ\0:\?0~?I?$Yѯ\ҳ\\8l}֒!E\nöYn.Lg\\l\0I/XT,\$}9 b9\`\S;9\\\%Na\M/7\ԘWج\Gۨ*_ig\S&ekT*,7㖏\raذpX\\y,\]13Wu\f\\\F\YbIsSiNkE\\px\u\ZlLT5u?iЅl5r֩G\">\k\V*p\\0vq]e\0\-SݲWZ\fղ\+K\\<\\,_j\8\tMsUEV\Ry뜃\c\\%\M\V$Y\\H2\ce\\L*\lȞ\9b(\0?A>S_\\\xVey\'RE##*3\eN!=X\09\\M:g\\\X\\^%Y9\vI\y\X\\"Ҍ\׏63ZdC\JM\\dVY8\"IvZ| (N#>%</6:V2+lP\\0\\L\\Z\Y\\aX-I\\0`\?\qc[0ͬvW:\jג\V\\Ry=iZP &\\L	\\t\@W-\HBL\5\\rm\`\\0\>=-\\\7C\\=i\ZYMdI\'u\%\\֖\҆][\{\\\X\UDa^z{8\r)\\"7hX|+Zswؕs\-\\uMU\0ʮi+0`aO\>\$EN\S=\!=1=kr\\Z\b\W\bTOM0A\*\09bn\cG\y\~\55c3\$P#\nd\\MpGSI(yiM0o\i?R\<)]{ųxժ%N\\\r9AjͫR-TmF\a(ν\c7\\y\\\\"զ\se\ӛ%@\Z\,@ջմ\u<Kf\\\\\0`8\66h\\lؔd	\+\\2|>zV\hU$1-\[⣵YAW{O=FL1Ikr\E6dF\U\\VZ)HT\&:R\?\"T4\\ZjO\\\3\Y\\\QZ{jN\'	\\\\'\\NW\\\+5\&+Mz\Gd9[T2J\k02&rviu\4\\atH\v0`\Ϸ\Z\\.\Z\\\'\N\T\j>\\\3xd\ZlĮl!W=>\\Lt4;:\X]c(R;\X\r\2u5\\\\Zz\\\e3ߗ\\3\cd\`ڨ\C\CVL~\\A\\\IQ\T\5\ni쭋\r!\?I\Q\	6\'V8*b8FH\6F\\M+\\S\`?EH,.\7\Uѣ\Y\&Xל|;\IIIA\zdНk=677!9\Tݛ\*y\\\Z%\Vjry*\XhI[J\05\\Nk&KH\`ԎO%\O\\W\#>W\z^zV65y\oN􊐏~J}N\\Tzidmkڪ¡vSf\'U~Mj0\\00`{egc$;(淬ZN+ef\~e\Z\umc\j\\C\^\\NKIem$\8\Mx%-\NznE@觉ф\Ƽɦnic\\ӟ\h\AZ4e%\.w\wg\\SUN5?7R\vea<cE;\0`?\\\8O\0s\6sW0\0\\Ѽ%\Ce_3@\+G:-$hHFV\2P\[ﰆdI\\lBT},\\8m\g3\a;39\"\\\	c%^\Ög\ns\L\n\=\\\p-zv>|0`\0\\'9\s\9\s9\䫻\iH\\a+죑Fa\\*,7SOK8apAp\YT\"別Q͝Q\'\2\\)ʵ 2ȥ\pR\\\\\|f\c\2)ӊ;Lx,v]Ed6R\9fDH\5\BP\=\\0`\=\8}\s\	\s}q%j\\\'8ǮX\\嫨5dٰ;td`\l\Z1:Iaq}5^\d@cT$α\@_Đ7T\4\\"\\dHØ\n3v^/Է\\\$#8/\a!,u\ğe\~\u?bȑ`\0p8as\\\\Ç9\s\9\RXeY\p\!T	\r\\V):\$,:\\N5\!>Sb\V\e{\\"ʫ\rB(8ʌFB?\4W;W||,9f\C\k\ح\di*dJ\PH\\e\ā\\K5S-\\0=G3+\\0`\Ä\9\s\8[\7\lM\\F\:ȱ!\GQ:M3b\K(	9:$\Fi\\cUѢ/+],/,0\Z\\KG)))2ȹr\UI=*\\{?\\N;;S$\5.)>ggy\\#S0`\{s9\p\'9\\\\\0\w\[=U9VBs8\|1\-yW)Y#\)Z\@\B\\nm\GZWExaFYRTxk\r\\7ٝH,\,+đ\\\\k\X発Whrϛ)Q|~I\\\=?\*\'\]I\$y3\\\V^W0`\~ss\8N\8Ns\l\G|drKJOҮӔ\JJ\&Eo!\"J\ʯ)!\kIVDV+ԆA\Ux\IGm\3_\\J\\ _\\)\_\9|\@acLaF\rQ%*\WRNŐl\\'\4a\%*W\C00b\\=\9\p\>\\\p\';g8T\\\EY\H\Iaa=z\n\,\0I䔼\qH2G0{\\Q\FI$&]q\\RHBģae,(b1ԖxZz9\)b\\\ZqP\ \":\\\#}\;-ŒG^QU>`Iׂ\`\p`=\\8Nss\9\\';f?5\\=GD$ 1\"\vZ*\<\\lx\\2Ecي\,8d\w\+cexx\yK,²Z50$݌JS\"= ,B\ DO\nLx>Zx\	\~Ï$\\\I+ \4 #a0`8?O?\'	\'	Ä\9\1\pzm{ZՔ<ъ\\_<V\\"d\AG洭\ұ\\Y:~\)x|\'ٗ\+2\^B\U72\y\\+\J\,ٲQ݄\Ҙя{3C\'I+.1bIgUV7V\0F\N\/P#\O`pb\8\۟np\9\p>\s\'<r?\04A,m\@\nQXU-Y\'3/\'93DYwU	#\E2Yd\0Z\j`p-;\F\\nJ 2k(x^eO\9\'%X\\0\ZgX\,k:~\Z@Xwm<\ER!aA\yP`8\80`p~sbp텳\	\}=Q\Z|׉>d!c/+\x/Eim\\G\̨:0\G#̪\\O\9 \n\ciz+-mUJQ:,⪁rŊi+vJ\&X\\gU~c{~K2Fс4<f\qj\F0E/\r@3\VOh\Si.s\s	\p\'	\s	lW喿d\\\o\#\_4b\FFf\'E\U|\hx~Z%@\sH\7\׵><\\<ȳ=v9\\*T\r\w6y~T,|hkokyPk\Y|cXht\Y>\Xϧ-xLd?y6E̸AV*Fs9$\l\	\po▦Y\/W]*8M\'Q߀~3V\+|e͕qӠ*\ߺ\D8\0]\EKubpħ\\0\tH\0W}u,0\-[X\n\M\\\\"\+\\0ŵʳR\\Zϒ$\GfL_!RK|\NZV\r\I\5Ip\:)\\\\+^@\\s9\s\9\\\o\:+uF1\\n2{C\n\`*\	\1\l~0z\0Y$\ˆcaY$I>\lhX/|x٫\<>x\A$}xH\\M?Ც\y!=iX&$Hc\\bdnO\\H8\\\ZIv0\i8\o6<z/-Ǚ}3f;oK\\-B~Yܔ\U\~}\\8\9ĩ#)N1\APɆb\\\!$GE\0֞E\>g\\\a\\bp˗\Yau1\;\s\"*\)yA9f/<jyنt^*WFy\bh\\^YI<p|ɒ!a\nZ1\"a䃁s{2u\cNsoby3\\$뢱L#A\\\\E\2C\$\s\s9\).>Lu\q\0\ƿ\\\>e\0kX\`\0\\\[#<?#r:֭-MzB\+eT?\n\%^T\->!<22uh\kQ\\\O\$C\K\|\\&\"o\\(R\QF\\\0	\n\2a\eؕf%62F\z\\0\\NL@<c\#*W\p\\}\r8^v\V/-\\\05\"?&W?-\&T`_u\Ο\\Q\\Q\#\k,\}iO\\~\\+\_&\0zs\08\\0X7ALj\[#\Yr7 #rgFJܷC|sZ\\49JN1ʹ.X#\\\'!vfQidW6T{l#\\\\|ds\9\}\}4(]jt\u\L\\ȱ\K\0$y\0Ç%-E2o\x\9!Ib\\/pqj\|@e\"!4\\~\O5\r\_9\im\0\\F~3\/ $o:q\+ی\0@st\+\\r\\YQp=:\\Ss)\v\0\T £\'@\?\\0F\0\0\0!1AQ\"aq2BR#@b\ 3r\0$CPS4cs\\\\0\0	??`\|y\F\[\S\)\zz5Ȫ/uzT\u\d\\4d0\%Vi\QyÌS\p\\\0%3ٶL\\'W\\\\ɹ\hiR9pU-RQ\\!<\v\\neA}q6<\r#)|To0xq!\_\uJ\a*5COB\̾px\}.\.\]\/${E<#%TQ\朧XC\\#@ \S\\ \\aF\r\Z6\\\q3a\njZa\ݍqf7wr\3N\\0\p\\hUb9ʈ\\\\0UiAи1ਞ\_\l`tWf\\?\Wv\aN\R\n<k\:=K\\\S\:c?y!\˲tx\\Ulmպ\D\\\ff7ҩn\@/}gW@4\1R\ravڔC\|Y\{$=nPCIǽ6BNΔ\kxZ>Hj>\5ōk\Q\\w[#..\\u\\\Z1ƚ\.h\d䰽\\m\ALN\dwbAN\\\\#YgfBE\y\9\Į\\0\,GE[M#\\r~c\\pTfh;\w|a_O\HO\Zb^nv\t6\;\d\L[\m`*,&}1]3۶n\ad\ݘ$x\'19\ǚ/ݿBAC\\cԻiO\vjGҐ+]/w\2tCM\nG=p,JvGz\\\n쭷\R\\	\nj	\~*F\\r\T6=\n>ǷQ\l.C\"\Z8E`\\\(T\\\\0W+\0\fSxZL6fUa|\\#\Ci2#\r<6\_\*b;fݘ.O#GRp˪\\\dR<T\/Q\]\m }\?U`\+Ѩ\0;i/s#B\Z@\8{F\0=%onkڍh\ns.:3y\\'_6E^n\_\\0.s\]SX\W\?B\n\,)\\9\'W(v\'&U9pR\3\N&\c[\*\\s8i\֝H\\Q{X\vK\%\Y\a\F<\G\\Σ{Kc\Wkc\Lי1\BH\\\-\\\{$CNRi\ns$qcWWJ\\2.Sڋf*EwR;\\o\Q\N<S>\&m1\.\\=\n\n\8&GL1sŢ\ޅW$P\rX(\\=Ώ5Gf\W2=\ѫ@A\y̯f\\\um09*\kMC\U=И\;:d8\0MAx\PfxPJ\r){H\>ql!\\'\GQM/cò$~c\l\TAeFPCL\	iY1_\a\CVaw<:\\=VP#\	7\Pqo|\\0Ih@,Dg\1\\'\Lsˌ\"\Z\$\'}\\\"P&%Wx\;&&31lDOIUfmp\P]sY\2sg26^\X>)K.Q>һ\U\󛎽Bdკ e\N\0EV8\!k\\rw\0\'\#Kb\\r\'\\\\p\mWhcqϣK+\8\\Raxn*\>NJY.\\\\k\S\\T`Ӵ,{_J\7\\ḙqbv\\tCP\L([\0\\[\\!8|\9\$\VZ2\TxF~eq2!DZ\\!\D\`\namX\4L\"Tq\V8cf\n~\ZnïB?\\\2\;ٲ7ܹ1\BpN\0Tqpi\N^/\f\04\\\'\\\9/.\9\[WüQ蹽\L\sC\rjb+Z0;\Cp>іզ\ZA\p-\98p1Jk\0%\XN9B\0\\\"<T]\\:@$\\x̭*\\i[\uLnH1*\y\qLh2\ag1*\\E\_{EǋKsN\\H-\0\?\$\\\ڞ}\*]8\Z\_G0F\eL>G\%Pñݕ!@-l\'\\I0Z\"iw\rF\M\̧8\\!\;\ZO\!\ҟ7zfq\\NaL\==Bݛ4\Zd\p\\sV\O`z݈x\",\\^;O\\;\(ᑻo?\\-\$I\!\"VmKmls\\0ыF\\\\>\\n]\|sr\\\NC]\8S6轼OQ7\\Ɍ\0.uS>񍖘QakTNG\n\դ\\u\\\XnVlCY	\=eã1\rO\MG\\j\v\n\\4\2\r\GtfN#{\9\=΀\ԡ_\\۾u\@\{UAјo3NovC\~;ę%\Kq?$Hi\=\!T{,?l1>Z&Vi}Q\\\q1\*n\<c\\>\^\hlc\o}N\]\\⹟UaD%09\&\)\6-\54`<;R\\'$)ja?=F\G\jއdثLØ|?\d\\Ǩ)4\\\\Z8\l\<Ss\ܙ\'NAު\\jT\Og\Y\ox\\\"\\p\.`\\^~\n}ZNxS1:N*\\^Z\4)f09E)B&w!\,?5+$c\_\D\'\BitT	\\2T]#OhJmF\\Z\>?\r񑙍\M\\\o	\\'\9$\\?xg\Rwb\0T\PA\\jr(͸|a\r\\\\RI6]\\Uۦw]\\UT489\!*Cw\~(8\u\Z#=ܩ\k*oX[9ᐘQ\4\A\\/\@(5P-2@8\\S0r\0W4\1f5\\\y&\\\,\&H]\nm\Z\\\ɢ4#>V5;c)\\npv\!\\\d\UfoG\\ϳq\r7<\E\\eKyoVC\<,\\|\ӊ|,X\i\}Br(K\l\0\w\ХSGO U\\\5\'\Z1^VH\#\rmn\\r\J\0>\@.<c<L #`&A&\oBH̪dW\0\\RX\&\\\d&\9q\դ\6Y\\9̫H}я\jR\\\X}\\'N\'dϽErNY\O\V5\z\p0\Pk|N\\Ɗkvڣ)\r\55]\s\f\7pӁ\\\-\T.b\LK~-\0M\r.\l۪\avv\0vv\UـT\i\p\|RO_\'JE<|Ѓ\\9\\0vC:NqCqu\A2\y9\\\Xy\Nű e\y9\0<\Oj\r?_\Fjp\N19nѦ1oΩ\emAR\0g\'&p\\ꦃc\6O,\\Z\s\"U!}@\\0w?h\\'	(\&\˚ne1	\T\\\$fLꛚ(p\\.\d\r&c\b\=\\hAUZ\E߻<(9\\L4xg8En\Y\\EpU,@s\~2ap}JqÊ^\zoa<\ZD`z!\io3*\0z\T\nR&Qp>d\'\\PCm\YpQ4|(d3P)`\`	\vM\0\v3\n1\WhaZcfG\ߢ\ԧUy\nUG7\W\\[I[:9AX	d\\M`F\u2\ab<\\0fe\\\\\'EOxTeA\\Lfi~$\֗ο\D\K;;ZwDaseޮ[L|4\\\D\\$\\ç\a\avS\\\ϝ7-\?Rbbu\\\\r\޺z4\~>\0\\\w)L&VBuM	EC|\F%T\];\UAv\t\lt\Pr\ЫcV,a.?TA0<\"ɡD&\Y\oCn\d\LmnCD\[TTfBlLXG&\T~~\0\UF&\0)ǂ\\'NP\?O%N\n\^r\Pd&=\#lo\=]?\\\9\NL\D:^ɨ\-l\<QeB1ygwNNU\rF\P\0Q@\\\Q:\U\M9^\YE\0\x\g<v\'Q\S1alv7\c\\0gN02ym:\E\\\,\AX*7!-io\\1Q\6Jdc\\ؔ\`\\Z\\\&\ZT\Ud2% \z#DZ\S\qh$\U3Ii08\\0\/	Df\S3ld*\\'eE)<Q\d,֡7LՊЍ\Bbm+	٬\'Ro\0sb\qͩj>JiG\zj\>p);?D\0ͽP>\\2X]ǽΦg\rq\\USh\\v\'\07Zъtk{L䙊{\fyHOtwj\'USq\PLF/fTN)}egN\\Z\8\b\'%\m\q,\lk+\i\h	\!hON9\4R\m:\"y\xl7\D]Oigt\	3\M\\4Qqk\U+w\'Pٮ\)\\lM\.k+P쌉\C\rzU4\mܞ#\^Hh=Jέ7\ª\Z\>)\'5\\"KJ&FKL\BSx@\b}^\\h dftNq\0Xn9\wOk\ТrMr\fSo?%u\E8庆4X\ń&ُh9\	Übh\-g|T7x\Tc\]\G\;NB6+S\Q\oDZ$\b62\r7\\\ZA\:\:&\\(G\1\ov\Q\<?@=%2B\OTSt\\qn,\䦫\\SB\\\-f7\#⨴Ƃ\ncZPr\nRmUE\tGi8E\rx@O,PU1j]9F\\7%\=\ƛ[?\<\h\\]4<Hi\IO.ӖH4a\'\Wg\sb\3N&\&46(\\\wGL\IT䁅+E2xf\lN|ƅNj2\"\-19\ڌ\&ԆTY\k\B\dg5LU\{2]\@Dc9\\ml\'a\\\aX\vq9u_\\0#\S\Сβls\ZúܽSfL\r\\\Ɠ@=&\\0\5\SNRa\rfp*ui\!:v\\xD\<\)fP&Ҙ\"TǼ~V\Z\\\y6:Xf\õ\.\ZN0fo& x\\5\\\AÐO\Y\\zjB\mluΕRѷ\>A	w8AQxo	8*\(\\'x\T3o\e\R?\J%nMd\"Hl+,5z䀦4תǄH\9>ó0شF#\lG?\Q5}\\K1<\#Z4J\\2S:\,\\uf\A\|\|I\csA\\nM\Y}\q\p\\R\syB+\'n\E\i\;	\Uz\ʡ>\pzy\ }O\0S`p\'_vT۲\Z\|¸hhwi\iߤ1R\"yJn#\W^\Yә3\\kdp\GaRf\?\h\웕\\F_\@\r /k\\\\\iTR\q61\\\*\'Do|G\>/tUƈ\iiP\\LShN\\Xݶܮ\\TvfWme\ZO{I\\D\U+Tk/ݱT4.mUJE\\\@\Tm\Z\6rh6\k\8\?Iu|\53v\p\?cs\0HWh\\(>\:\\0@\gRmW\~\ )UAś|SȦ\arY\y\\\b\<\>>\FV=iV:ʦ0櫯X\3)9`m\\Za?ech.CN\\"lTU2\Z\Ŵȓ2\}\}Kq7U\Ұ\.EP\\/\xg]=Tq{^\?a6rA\\]2\Z\rȼ	v]Ix\dޱtgw\'\\W?\'CQ6r\b1\YL1\y)\xP c1A{\\\ZyF\>&\$˓\a\ߗ\gQd\Bn5L\\"Spq!\0-g\\<Ӱ\0j\x\\Ȁ6D\;$&/\\Gp4ɱ\	]82#^j\#\n\M.\\\d\'J\rck.\T\wT^\\[\kK]\WE8g_%=AMjn\\;\(\\q; N\n \\:za^\0\Y\\#h4\Hki<NF,?x\0tF\\\0n\i\B bn1x?\Uk^ё0J\\\\!b\r\r\/Ug\\\t6\\	ytB&>%ؒ}SD\ig\8e7\7\rJv:Nv\/oBeq\h0AU^1Ns\p#\\r皿\o\\>K\C-iظ\	io!\+\0hq\\6\\\r\I\c\4$:\\`U\0Jf*`\ޅCEs\J\r\'\ZT)\\U\u\P!1&\@x3\*\\'\M\\f2⇚P\0\@VkT8bɘ\8O<\9\"*p\u\	jiN?{L\0Z\'\G\7oBL\r\y*Ŗ\3@<+\\V31\\\SC[\3kAY0MGM9\\r\\Hp=M\\\U{z!\ᄻWy<#Ry/\=ИjԞ\\\Si\,\0\[\D0R\;몾HZu\@\ZRA\!\g\f\ni7¦B\'h07iB\\\}\\\ܔa7\\~g@7\"\p\"8C,4\\exG\\\\	\\"3zq=Qhp\n\N\'\]2\'\t 1\̜qTu\ԧ9\0_$|Y#g	\d%*-\-E;\N\8HuLD\Z\\PYw\tQ\\\\VY\j\vVSh\ xvL\}@ƴ\\0`!\\Z\ڌAd\"P\Z\tH\0y97\RnZ\\\\;\n\HD7$]jhY\\.$YL[Λ&ˆ\\Ji%yG\E\\"9&\8\}M\g4 Z\\\\Zu!lP Y$ZA|]s!?x<\2\ZG=8<ʇ`b7vQud~qMѶi،;\6\r^)$!\\OxJ;AVr2Zk>Ĳ}N0Tq<\"n\ne5\\tqMź0\HCY\85r\\\wH6G<!:I\\];\?c\wTJ\VYl\s)\#˂\iJ(غzG\7W{C%\O^z~P\\\\"\j\D7\\ZŖ\z\0\c)OwF\n 8U\4\rE\npS?]={4R\Z\0\uQ\\ZrA7\Y	FHB\qQLE\ZW\%d\\0N֤\~\Č:,\Э>*\3\Z+jz\<XGyC%09\Qgn\;ǚ\V>qEJ`U\I\J#}5\h[X\\\/!ZQJ\f_T\[P\xD~!\\Z\T\\\'x#\\(8\"?J7~Q\\Y\"\N\\D|PY\Um\nD8lqW 6hܮ\0wWO\\\S\A/c<Y\\˺	$ŦJ]qx\Dh}\t(\+`\\c\r\3Nʅ#,q\c\17W:)\`r92\dM\\M\#G\m\EntN\!\2sh\ =3)\5h洿14l<\6GN\0f}\Y\\y^,T>eLLI>8\yrS7r.\\T\\'ao\D\rUAx2z!\vN9\\\#\\\~\'\\\\"-=BnrB\\d`\u\x\\\|3Q\\zw`tE\G{\r)\U{[\ӎ:x[3BΌd	<E~Xhٴ\̮\Z4\\ZqT\\xmzqtNh\9\Kq\S\\Z\a\uDauXm9(:M\ubf ,|$S\Z\`\\dZ\I\'V\\\l\Vx\УjP2a\\$\\\O$,tZe\Z($}\܁p,U\5_;H\C}\nM7Y	&ɧ/%\Fa6^*T@\V\\.\\rS$\\MŤl\Vg\wGN}SP\M7\Yp\i\Z|Y:yMkت\"\\\0\\nt֡Gپ8>> |l#/$\\m}֎#\lt\8`OTiqud\\>Y \$6]\m>͹{B\6Qv{J8\"\Zs#N_R}7Zo\UC[ \dd\Z-hAa3\\h-\y\\t`;\\w/\w\AL\\GS聃\\[\'\b\\\m%j<P\\<\\K*\(\-`m񾘒\ЛHw\1\U\ZPY\'.P֑\"\,UG(A\Np\0\&ܓ0\-`\y`)VGԤ\1q3\\lo\\0hر9\6kZuℲ/P:\\~\\L\yGݾ\>\"m!3	\\kYi\\8(\1iH\4@ąl+\Q\ߚlm&:)\q8d\V\\~+\\P\'H\ 06v)˚k\o\:\ˠ<,Kʇm(ǵ#x\ro,\\n\\ߪ0Xӟ5\\\05#\nۧ׀meX\\W\rC\\>\<\Ϣf9d1b\\tC\R0\D:\<\D\\?\0G*	\c4c\Z\\,惋]Vy,F7?.\[\Py~\r\\0Iy\D\]\u.\sat%b:\8\Q\cA\\\o$\#\IS5>j	\'\\!Z4T\ \\@	-`p]T!r\IDap\5YU6Xߐn8xHh\0\<آ\\r\\"D\\p\\G\\t2\PLZ\\\0\(*w\0\0\"MԲ^\\	\ZNI\hl\\М4(^ۀ2%?\N8FMFE\\p\0tY2QWx\\T7\\\2X\iMx;͏$\&\5\yrkePQp\a9\7s14\\e\1\,0~&ߏʫ\\(\[e|QyG&\AÆF\{Ǫ[P;>\;É57b\\\$.@&]`\r\<7e{\r\\H\\hЩpA3Uskp\\\6-jRы=N!\F-\a\rq\0k=ůA\N\٭\rE\Ki\\|g![\w\0ާW\Y\{\9Dl/8\xSy2L	أǃxt[aq7\0\I \Z˖H\c\:3M_i9&c\w^\\SzJ(\\!\'8(Eۄ\x[\\0QpK\vӺ[Xtp\3%^]\nbnVn&Gg@o%8_缪xhT\Iky3?T\0\\\\ѻS\^cDbIFj1]\0J^\\4e9\A\lˢ!\\D##\f\xA\\\-88rJ\x@Q\\/0\4\8\۝}m\됝\0\8O	\'\\8Z2\\\咪	g\ĝLH\\\Q}2\\p\\Ui?Dɥ\\\% \M<AB\0\\ (g\wo?D4⌔PAvCsS.D\\`T#Ή\'$ \0\1r4b.x/\h\\\@\D\nƜ\6\d\<.霐\\\ㄦT 8\C,/$F&\7\jAxX\t|\n!`Nv&[Ŏ\\y&\0\p\k\J\Z\"9O\"S\\\\y&\Spʐș\nxȴIMv6j6XZ\\>o$\\d0\yL\Ni誒d\M;hS{Ĝ\u$Zy[\N\'Oe w;zCm\tI`>\9(\\3B4僯U.@AL5؃Z&\jk\1hs\p\@\0\\%Q\'ږbvC\\\\A	:i\"TV\\t\e\@\u\܍\t\\r\\"\t#X}p,9F5꧄\\b2nC5\sey,B\7VhM\\\Xsg\N\0ct\p\q7P\T\c1T. \\Iv\M,\3\\!\\\柊\Cy1\\3VdgP\,\009of슘F*:	\ۣ\졭\uYIZh\0nr\\Tgy\$K\\n6G\sU\؀,\nc\\N\\"e\\3r]eUfaLZ\\0:H@p痗y\}S\yP\#Ĥ\\Z\˲\\]T|`}rG\blq(K]\\#p\N@a:_\r\}:Q\O;\;\Ut\rE\\@m9\\)\wňO-1~\'\0P1	U=*\'\T`)\cA+{UK815\<#>Ó62\`\\=г|*Z\!&\\ \qo}\1D.П$9b\1\\'`\=T\\\~H\.k5\q7`. *u0\\r\\9\z\,\\4\Ã	y\}ׂpf;\g\\C\\\c`f\`9-\kȖ\pYf\\3>ܐ\\ʧ\WypCIESt~\p g \\lSMquˋo~9\\\\{@k]\d\a?	` I*A\E\;+\L橗\&\X)icsmbvUIlG\0dq8#G\0\\Z\"ڑf560\\T\\0\o\\dE6#4k\,\_\\\rt\s e\BI\!i\\\|q.hwïT\8agWhL\HmJpsbUQ\\rǔb\06-\\x\7	;,V wG\UM\6Z \n\\F\[3,\\Mrnh\=?\p9%\\貈`|:\\։E\\b\33d]\\ӛ;ME\s(5\r\Z;\\69&~)Z\\r%[i`l˪ \E\+Y@GSx(gF_,\0\BaVn\0٫\\*=D7\n\d3;&\ܲd\\cĭ{~.l2t\<uй\8\\'uqi\v3 h\6@	qN-!ٺ\5\G\rVF\?..\쮇\>\!\'B\ a\M3p\rU(K\C^)\B\u-\d(B@V\\H\\\0ss@\\d:Eě\䧑Z-n\n\d\q\?wUZ\t&O29\'\<Gr/nUG\'dV}u\P0kD\Td\-\x!\@XB2ejV\\\pΊ\\j\y\\\\\j\\rY\Կh>Jjiy\G%?f\0\eVp>B\>̈U]\~hȀBY@c\.\0DwU\ﲼ \0Fkl\o/9%khWTx\=5[-c?\he	P\\\0c֤\?sElP\0;\"D\a[NeO>o5\l[\\"|U/\Ano\\\\\0&\0\0\0\0\0\0\0!1AQaq \\\\0\0?C\\c1\=\1{\0ƺ:i\*W,B]c?e{P&\+kmQ:\\\yϋ(vܩZdhy)GV\n9\\	m\'?K%<Q]ŮaFI<V֎\0\P\\6E\r)\Z\Oԭ\&\$G\\+}6[_E<TQi,__s\ܸM\\\\l{7\' w\\_pСw,\r\K|\3#-{gaa\C\"Y\ea\`;`0[\\W\\\\51\7\Z\\8\⺪\z|\(n\Yl\`\ީ	\ӎ=S\f~Ըg\;p-LwĻD\ZUR\\J9j(^\Mbp\\\igO򇴠x#?_}/\0tD\0\I\F@m\=3l+0lK\wh$śCw\0#k\&\ȍ+\m\T\{Qd1\ \8| B@:\c;K)S\7{eMc\Z\nFxN\\r\K0QZ&r#8:&x\\\\\\\Zη}ע,yH~c6ų[`>V#Dtb\ǗO\\06$\Ԁjܶ\\E\\	ClkN-@HERԂ*>`\%\R\O>I$}/\'uۦJa?\X;N8\m\0\\VCf\alqT!!\0\\'0%&5(1a\\'\\\cQ\7\ZB\znn(B֏:	\Y#c(FR\\\P\\\\[mw\r\"\ƟW\\\0-iG3\\b\"V\x\{!*[\\7S\ܫhԆ#m@j+_|P~,\Z=c\.\c\ݾ\rXf\0C\}b/\JC\P\Z\\&h~\\\@o%c\q\Dߣb80.D(`\\\n%\\\A{U\l%\$Y\]ʊP\j_\0\n\Z{.<.!\\]u)$\@2\\\":\cO\rCF@Տ\(%\0a\Nddt \5\\~@;3u\0`k\#]^,@\I_=yUp]v\X\\x\\r?QdR\\0S*Քg=ba\\\FŅ8?+ЕX\uͮ\\d@.VTE\ny;ȅb@n4fǥ\2\`˫g\\?\0\0O\[\H\Er\Z\Z\˻\6;i\\ԵWUԇ-\ۨa1\\_|\\-ƀ9ZURc\ޗ\\~\%\nu)V/$\n`\\ԒPR9\\g`\8AҞ\GW\0O5vw\**7N!b-\U\	\bt5?c\p\%GvS\ق%B\<JT!\0\[МΊ	\}*)a`\\,\\Ɔ+2OwGSZ0ư\Ƞ#(\ \Je+\\#*mލ\?8r\\rdF*a:C\0BJ#\\ʕ7\r\:\:ȵJv)frm\\\Ӯ8q\\}=z8O\\E\0\"u\Ϫ\v\0-.nW\]\\7J?`bUK\?\<ʉ\{e{<		\\\0gOL\,5m1A\n)\@\Wi\, k\o\`=P\#Qmi]U\j\S}s탮\W\M\\r\MD\' E\X\ֻ8;	^\<-9\"V\rC%]Ŋ!A|\\r@.oSM]\_.\s,CHE\8e0\oW@\h|\"),5	L)\\-s5eLr|hp\0>e}Nǝ͖Ȗ_*\\`?J\nQx*zͲ!k}\\"\\4h\5b\+u\\*\\n\\T\\(˺nDP5\Ŗ\\$L󣅰[n+\\kPU\0P\Zp\n`\'\_\Eܨ(#}\\npx?X{7V\r^)\ŭP\rBJ1s%\yt\<S\;Z\0QA\w\0\\'%жw\_d+Uu\\; Jb\Ycb\(U\0!l	\gß5BW\\9ga\\\ZC\	4\\0.-Ru_]EDehy5+}\@Wl}\%\\k\+.?\֚\(pN!5\w\e2\h-oY\*\01\<\),\mcլ\=:WT)Z_\\iA\D\1^赥\^GůFF\wV\P\[K\0\aָ\\Z\GQ]c\0=T\\cByq\m\\EEB\)la	\ҽ>~Y\zZ\6\ؾ+\\<3E?{\".\\"e\\	\\4\\>\'q3o\A	R\v9%1\r\ҁG\Z\|\0.\t=\dm\I<d\,PV\0ѩ\xM\J?!\K`8wCw$\\'\(o,C]P4,\M_Q\!\\P\ҋJl{%	 \[Vף6V\H[\ߘցq>F\\\ja`>\T41ZB!\|j2mC\nS KZ<\\\(\Y!}U[g!\<݀tHb\0j/«\\Q7`:\ze\Z_r\0GX\V\GgJ	it{\\\\\5wǿhD1K>edK.Sq\vo\z*.K~v\z\ycFR\2՗\*\mݰn\\y\u]\Z{OP(g\KJ\u\ԭ\MpI\qտ<x>1ݎ\4>\:\\n5̺\;ɾ[{IW\,LT\\[By\ǥlZUL\T|چ.!X\n(\\R\\Z!Q\*A-VQA\Z\ECH޶Ȳfܖ%uyP6E\(\û\yu)iX\']\\41-^_\ᎆXA\\0[m\\~2\\J\QG\	H%\\%w3ČP#A@y\#42\M\0\drL\ɏjʽs@ګ};\,e=\\\\QuV\\\\n\֚J\a?J\nr-!ہn\z3yI\*Q\̉\7%B;\\X\\ScJ\T*֝7\~ڙB,GH8PHQCJua(@7Q\x|mҒ6c	tq5vPn\\0Hg4;`lEu-\nK\-.\=\%Ah\!\#)T\$bY\\\\*1%\\E\Ш	D\#V\\n\ƹIh\Dե\S\\/@ְM\\\~+\|gK}JAW\\Z\^%ە\/\2\\Kj\"!2x>\HmiR&Q׈\"k\s9\f\,>A(ܜ\\nJh\\Z\\F\ܰ\}DDmuCw\0\"\nLַ}\Ҏ(\\\\|Ȉ\\\r\ZiP\\w*)M#\r D2\$\\Ī\\\\Z\x똟[ޙc\rA\#\|JQ\u2\D\0\\'.\䋭t\XR_\q+Ftke\VG0\\$|%\\Lii\G&M*X4.\R\|NC~Q޲;7\\0SM\1\:\\\E1\\RDR\0wP\Vg\/5-kw#<O\0!\	P;ح\*+\*D*F\o^\a֐~1\`?PaՅ\\O2D\0d\\\nr)΀_c\\\\ݣ!	E.\\0u\:]EkAwl\nG&_\*e[[P\2^\,}	b=pIB\km\\Uo\J\%\rlt\sY+@ȷ\\%i\	\n\r	^\0j×i\ZOhXӰ֡w	\\b.\0X*\0	\\*\G\Q0:Tnm̿\\>@P\0\\:+|r\K\*+S=0\n\"\OW\kC\/C\`\r<Lv6<\"\Q-=g\\0N\*z\xM\uFR\\8(\)vq{C\\#j\Zg({\NFO֪rZ\0\.g\#P\\\\\h*QU#\<Bܬ*:\ҁ\O4z }e\\rB\x@r7_lg@\Έj\\XW\\|\2w\5uV@ր!8bqH\Uw\\>\\R-U\\\+V\0\\ʾGP\C\\U\"\dcl;\IZ\r\'kcR\\\FͬW#{?	aJ%\ħ\8\0\$cln\"`>#o\\\E|\=US5xÈe\@M@\J1 \?*fΦ6?\ ?\\\0Ec\IPl/_\s,\\|\\v\} \*61a\P\\ם?\\I\[\r]=\\_V\\ElWA/K#F	p\s\/<\\qw,\ZH1\Zy_Pmʭn\Ϊ}@\r=ynh&u	\r\+D\p\*P\dKy|)\{6\,\\:DFr8\G\\\D9g[\\o\s!)9\2\B\z@`v\\@#@GH\!\3\r\\TZ̜n=\\\\^1p8ip\0Cխ]P\\u^w\Hsi\-\\\jp\G\B0\^a\nh\AsM\\0\\\1\\\whr?}J?\04\aQ\\-bn\\eXyA IpղRKOw\\0\wߌ\H䤞\0\rs`)Bˈ\@KP\&\_ZV+3\0T\U,g\Rwn\}(\C\{\\sjMy\f\n᠔0\BTjF&\>nJ)\.*F\{e\Vک\)|ˑ\\h5.Guҷ\#\\\|o\ٶ\z6/ .\\\\\ɼ{ZP|Bj\r\0\\nQm׾\ru*m\R\n8`\(Rn\\\ \;\nG.\0Rj\0|\\\\ЍK+\6\fDՈ\\q_P\\+S+Է\t:3tSJ.$\_eD\^\>\T\\0pz{kn$ZPnY\.?\}^?\YW)[\ofCD\'8\0↖m\\mr=\0\v!o-@Bd!2Q\1gS\\0\rWA}݌\VGIx\\01[%\0\rƩԀk\k\q#>\#4\\Jx.U\e\mo\O\V#V\Cc-g\ ,\\B3\W@;\\]Ez9f*$\ڡi4.p\2\ g\e_\"\\2pzl\Rwu\M\0EU\\I*!p]@c\ N\w\\\8СS\f\0~\ֶ\AeSq4v\"\*tv\\\Vܳ\&\` |$`q^\\nDњ/Lt\Կ32ŚK(=6\6WCs^\0G@o\B0lm\0}t\y@M\<o`\j`x\0buC\ARӟoUـr(E^E\H\0;\$*P+\veeWR\0*\r	n\``\\;r\G\\b\\{:n^6\ۿc>5pҦ\pm\4\\\0\Z\0G,Bl	\)\\)v	D(T!DtU\\\\t\R\\^hO㏋x|(\\\e`\t1\!JO0W\n\\\jC\QF)Q<WChc.\2\\!U?\2\\Tq]^\层\l5\\\8i\8\q 6@V\\habNv<C\\8{iꚃ.\\'Z\-cD5eݿݱMS@xrM}@z\0+\\N3c&(yek@\\\=\!\pٺrU\\\\zz,S\ZZ*ZS!._\q\ʂ\\AP˳\J\L4\ڼKH\j\\]\@\\.\F\:\\\ZX}`\Ţ1ZőN]E\\0\U	=wꠠ**]W+laz/\A.Z\Ц\\f5+Hp}MeՑo\F4%\\l\'Ĝc\|hE	#Ɇ\[+.|\Z\\\\Ϯ\\T+a.8\\PxX:@bNUC\\\\\06\\T\c+ˀ+\0KTc1x.4YOTEz)W+{p?p\`y*\UǢ\Z**\ϋ!WŹP\`I˴;\D\\\ \vr0\XW	ĕ\0O?jW\^OE\\ObbcΊ-e>Wu(+Y\0ϡ/>\?\'#FP\U\0\)\\\ҕ\9m\K#mh\\Z\Ù?axQj\{\^l\;A+|@xa:+ Zׁ\޼K\\!o\?\\Z\P\k\\|\\V\\\Ip)>Eeada:\ri\ZU \XA\\+ #\'\r;| W0#e\xX\0Ka	ܯaŲ\ \{\;juL\\0\\y.\0\TXwb\.\d\\:R\`#y9	m}\6\Y	ݥҍ;3\æ\3(\\|$b8e&BӰQ@\uWP/D})؝\V\Ժ\P,_\d-a\S\3VrB)x*i[\SVa\<B\W7.\ H\RpC\\\'[c\i5Znȹ@P\\k\/K,\sʌE\k\\=\ \\rev\Ń4϶RD\\"c\k[o\ X\osH*:?\N][޼\8OW/tߏL%gvp\N2\vx\\\Z\^\\\LmqP\,\$\.XE\v\?9Xڂ_R)*!\a\%a\+#tQ\\\0\/\.\	U\$\k[_r׻\@\Zw舂Tm;{\0)!\yq}\\n\\}Jy\o+e5\e\0M@u6q?0\Ǉ-\s\%\\\$\ZM\iҽxo)E\֖\ɇtx|\CBCJ\\\Mp%\\\u\v#F\7Sh\WA=j\\'+\Z4`I[Vjfhf\RINT{<D\S\PVAmT*~%*\VO\\nc\,\L\n~ Pv1c\\d`R(\ZY\2U\nizz	\-\F\\\n\Z\kl=yt\Z^Z[\Q\\\M/j\\]c\\"W~eq	,6\0\Ş\gIZ\шK\RQ)\;B\NzB\C\n+`Fxx\J\dmy)\u.S\\Z\<\s}}	n2čB\TCraj\O`\0ItէbJ\=G\\!OrF&\n=,\~M\L35FZ\\\y\\\nc\	>C\R1\>FTg0̨\\	Ѩ`HՄ8¿]\wՁ_l#\@+GbJj\\ᎠQh\M>t7\0:B跧׈\\	+.$ӫ%F@ Q,:`\\'cEYD@.\\L^A]\+-w\\8 $pB\0X\\0\r0\r8H\4T\r&V\o\\'6^C06X\\\ZXm}J1c暌v\>\1!\,[ۋth\\\qArf=\	\B\\*u\6J\FO\,\U\\X\\p\9 s.	sKl\9jny\\]4	-\(\W\ztzo\;wۺ[	\\\.\Zעg 4v\p\n?\$~6G^\U\rU:\V\r\\Q\.a\W\djtIMyeK({W<\-^F\Ѐj@Ćn\\](g@@\\h\+l\Z\rY⺔\rc<k;Vk\\~Ɛ\-\r\O\\"\W`1k\B@!*1\(f4mNZsQ\\#Dql{M\$\P/\.\0j\'v\W\}ǓSf}\i\~Gy5T\Z^aKp4\;yO-//\zvF|1:^cVk\Y׫$m\XETbk%a\u\oj1]\n\qJ>G}\\5Dn\wLlث:H\Xc-~l(s(ǭB\\~]#\\W\|_Њ(+\\\G\'b\\eVrw(\<fyx_\\QiqQ%?;}\r[0P\C.\\\c1i\\3N.]i\AR*q\\\W \\[Bz5\5_}\/\K$\\\êp\|?a6\o5\ꎏ(\QnTfRVkۘ>Ͷ-J\'R;j<l\)(_\0\P\\2/)\\P\K\,*\Z\D!\0Ty׫+P\<\_\\T)~\n$E1BΗ_S\nSVj)ATЧ}\\8\"ʇ\\::A?%@=g)Q4n4-v\-p]\]\_zB\NY\J?*\nxD E.\SA~\\!\C\\0|E<{\0N)\0C\ZC\X\!`Yl6\\"\<u7Wܥ͎%\\nZ\	q\\b~\qV\\E&11\(49;7_Uu1p<<u\<9r\\Vةj|L@\r\r\1_e;\ >V\;*	H^\->\lWM+z`AqK5;)\\\C\\"#*!sgd|F^\-%qCa\ڪ08U}L*Q;Na4\0)Q*k\\ᝫ(\jYO:\{/4Q JmRgD͋\s	\Z¼\n\=,\Z\a]\%\m@郐x]\!`\5\1\0\\'o5,4\?\Ktku0\X\,Bj%\巊A\+Y\n5:XTb2k.\\Zk\\	G\-B!\XB\3\P8!\	U\?6ߊn-?ۤKG\jy	:)\Z\]\\@/\R7\c\nj]\$A\Ŧ܊\7e\*(\\\	i\X\\<CK\5\\rs\\)lAƧ+,\g _, c\r\n\A<؀x\\*2H_ZF\rĨhǜ*8rrX>\x\hxAFgqkWwl$3\R$$i\#\7P\\ZHb_\r|\rC\(~$r$r\}F\\\\<\zv\A\0C.\\?\~4\H\R\\\dsoK.:B:9\\8O`\/(K\WMiǾ\:\C\=Y.*k,jp$.>z6,\\bq\7 ?\^Lx\U\\T!\p(q(Bp\\G?@>T\#\\wLfk\j\	\Pp)j4qc\\@*@ԯ0\?\q승bIIoq@6Ζ\@\X\z5\rʀ\}\˝t%Z1d@<i5\jXuiB\sa\\$\^Pa\nlG\,$M\rjˤ1GEyV]Pq\7\rk14*ٵO+<$䊟`X\\_iJx\컩^\6ږ%<$?b)[\\W\\?s7,\rM{u*4\"X-v?t\䃎\f3\rg\|$.^QmY\nLLH.BWi8(5#H\٤\a\||P+z\3بܣ}{{+<C,\V9ڎ\w9[\\\	j9\}EX\D\07C\LŇ[XF>y}#y\.p\@\;%\7E\e`(5\\\Nsļ^4qߠ\2{W$wdi+1\r:\P|?.\\Y\\\F\R\ \:Kr\O@\\\\\50T]AuW0lN+o59\X`\\!]_\\\\\&!q\`4u\kb5_Ԯ͠@\"\0ҎEK\\D\\3\D|\hW:!.(\\\!ż\SNS\\\ZPbK}y\dק\"J+ӎ=;\"\\ր\	\IJ\s\\0\0J%\c9F,{2x\Nt3`	\gVZ\7^W~Lm4>G\\\up\.bG!\c\\\S\{%6\0\.zg\QD֏\\DJ;\cL\W\pR\6~iT\ A\5iVҵd?z\5\\\\0v>\Y_R\2/E@\ʜZ\x`\"\g O)鄫\r:C\*B$ H\$z?\&\=W/W퐯v0\n@BĔHTJm`\\+!\\>C\ˋ\X)TEH3\\Z(Ak1;Uҩ~0r\\\5U][/[8k̴\x\%\rR\\#VG1&Y\4}Q+B@Qv\\\ZSXkYf\=\\\\\t\zb\\\-~$i,/vA\\VW\0J\ХF\"Fy(Nx\nzcx\CX,\/!\vUBg4ˍ*_q$F\n-y+ɨ6E\bW\\fTl\D9\PeF,X\<\MK?`KKq\sä`P\\H\\}\=puP٣M6-\b@3\f]:>\s\]0\޳_\\B+\WE\\,?\VXRU(\k\Z\RB\BԗzH\T?;\.1\WޡtMX8\cU\\<QЯEyN\ҟR1k4O\\D @Z}YcCz=\\\\Yբ|)l\rkМGW\l 7ls46\lj\\Z(b\{Ԫ\`f\u%nsT|B)\\1l~\0yǰ]\|\r\\v\\.+\_f\ie\3s,\\qųd`\rx\6\\X\nF5zI\cʎ1{/k\-{cIP>.\\+U[}\\<\\yYc\O\u⡳P-),8\ϒ[%\Zg\\\@\\Kj=\\CFZ2k\\Vz;è%\\TtPRq\\\\n\[	nU(,>\\\+DU׉\\\\W0\z}\P\'/Y\ B.1b\~q~?ߝ\pX@@\U\&rP\<^P\ENb%Ă\"J\0ȦC_P\	yTd*Y\\V`j@t*F(xm\@S\,\\j\0~C<\\12f\Z\\=\\(]Ź2W7\hi\y\UahT\\7\0BF\6-z\P[Cas\KK-\Z-{jڦW(Gą%_\QߡGA+)Bo,1\a\dW-\+\\"YTuCE\Vv\,4(ZǏ\0RЍ\\!O#\0;]\G\0dF7L\\Z\\B 	\0LP\WYE<]¤_JoR--n(=ANءN\\^cc\^F\n \\E5]^\"T\ߕ*UҗLPѳe+~0KH*\X\nP\BD<D\욺r) ]V\|\ak\yT%&u_r_b\Xe\Ysj\\Z;`DP@d/\nu\0\Z\\\@W\r\p>Ho\\\~\	*1\6Q\,/R\\nE`\HG\{\;Tt%u\k3y\\\\ \X8Sr\\Y5/%Pr\]F7a[{3Op. \%*\@\"\8A\Nߎl*ƹ\-9w\G\]6iDqmd%\w-V\È\0ǻȡv\Zw\mY@bb((? ajEŌqm(>\\"0ZɁ\\\\S\^OI9mt\cB1)iת\Zzue%qzQ%\t\8`u\J\"0.ˮqT+-(S1\':\'yҙdvx3ȔG\̋\|J\l-\nS\o[y؍\\ŭm}0d7=`\"Ѕ(b8y\Z1\\\\OlT\A\r\Jج*\"( \P~C.\\b\_\ワ21e\&>IWk(Š\'D-\Z3\\y`/\k\'U<\"\U\\%y\\\זbi*1\n\n\R+%2WX\\t\'5ܢAQ\0~\r\W*FB\\.\8\\\\\'\nQQ\.0z^\\Ȩ̮?\A|=\w݇\3a\P\ХE8(~6[\¹|}\m 5P\\0oDi=\')OTPn\rDV\\-]ǷŃ3؏J\^Q\\i\>Wz\Kb\\.\dj,\\\<L{WI;\uUh\\0\0r3iP9\+!.Ћ\\冇!=J@d5u\A/1g\U\\a\eV*Hx!HԠ>c\\i[{\*2Bt*+|\M%l6ײMm>Ede\`\Ũm\"bF>\"|)8M|\,\ˊ\p#\aaC\S\\\*\U{㙜(>;1\ȍTXNSla\)v\ su-$AW\\ت\?\A:y.\\\]\\\8=\\\Fc\d\no[\\"ǡ+gȝ0B$9cZ*:\0\y?\6`Iܡ[;\\+)XBJh\|-H\\XKkr\\0Ktt^i~\\ܨ+Ƣ?{	\,\0A\r\\rC\Qj-\?E8\>3L(\B\P\\Өa^],]*2\\4mMS \\=ku\u\R\vDׂ\"0\0z	3\\\\e\)_jo\\\l\U<#PAYF֯]\:CwDE\\*\\8\\`4K9%F&ȱ򆔩\Y\5\\$\yHL~|\\\;wU\\\ \S;e\'6\r\\s`n\#\5+S).\E\C \aqP\b\\|&\v\24<xX\\\n*\{\9:\ó32\\\T\o)\֔kE\dp6Qq<\B	\^\\\S\	\\\\U\{Wq\\Xi\՞4g\(9J\hڒǀxW*^D(E\\RSP[e[\~c:\ WZ\Qbz\z..buU\bqP\#|\n|O( \*0R\@nFd* \ZPb\\'\\k&D\΍ˈE]\D\%g+p\\A\\\P\\\0\,<dc\\V\\,\'\fN2\0p6GpdJ\JM(k\2\\K\@GAVB䅶=CD^,uQ7p7r$x:jm6\n7[V\+*_/U3\dRrWv\\~-~K\D\L\"҇q7qE|)pXq9,YyEO%MX>\\Z^o\Z_8SBíx4\%Y\\H)7\\n\rMfCZk9\0ָT=:<Gy\+E\0\\\ũPǍ\\P\0\@\A,|J%Sn\\U\S\,R\YB\\,\n\\\-Rh~\\l\\Z\"uG\<ZPNStw8\dM\@\\\Q\\!\R\\Ȧ!:\VhqaQ\\\' \ \E(>%(FÜٌq\\d |c\ʣcn)|ga+\\rb\YշcgtNK`3\nYȿ#\ӓ)G>Gֹcn#\0\~m`\#Gjh9wsB%㍖*U\\\'i}AT\\\`^ʯnN\ntt\A,3w՗\r!\*6+G.\Z9\i\@Ѻn\'}7-Æ3(BS9h|\Z0%VXų\r^As\nVt&1h4\q\\tLa\P#\*\")XmP0H!m\0\\8e\[xuSa\h2ῂ3B\\\`\ZDid;@\\ZN΀@8e\?IN\\2`\cZn{Dw@	\1`S\a0>\ri^\D/c,=ܟͳV09J\\\\\9W\F͔\'\\r-\NP`I2\o݀ biB5.K>[\44\f\h-\\vL|\T|0aH}\7ᷙdq\f*l\;b+CKS\\\ZT\4b\`0̇h9PM\{P\\\X57#ɭ9\T:u,]&\n^\0!\\p+&\\\$[\\oJ\\:\\7K4\\i\H\\\\Zýw6p8[>kF\\\.\Y\je(\8\s#\\\y\T)!q\0\eDJU\0>Ժ\X-z]pq9f%F?\PaH$a\\=؟,\`\'(\\\ZPN-KJQV`\"\n\ܽ|\"Yr.\\Lvm%n	y4\]\2A+J\C\QKHRo\;/7o~Z\=\\HX\o \n\Z\C\%,\0nR(]+oj|jD\\0\"\\H*4IøM(\0e3ͬxF#CEC)\\';xeM\0w\0ʔ\pٕ\YoF\nȢSP%\_ãl^-\\.\r0\)\\\"L\o\yR\Q\W\~A\eEՁ\2u!\h)\\\ \wz\UK\]ʒhXЇ#L\\h*\X-\(kWN	|mbB)!3@S}\C\gEB]ǏslT-t.nqapu\K	(矹r\Rļ\rS}F6{-\?*МgXy\rz|*\GQAqa\b\3DRƐ\\Z\\n(@46\\GH]\s;\6\Q\R\Lyr \"\vi&pbA]YIh\UHG8iB\-\V\0𯪌\ىq\mR(]\\\೏d+8\YO\\(t\!5KRN\\\\\\\zA\(挔u\q\w7%=\p\U(~\z5\0\\08y-\\0\0a\\\>\kɺ5Ĩ\b\>\n\k\J4.W\%\0\`-\ZG\\.\"+oD J\'6\2\iBL+{\F\\Jd\nC\"Ȗ/.#X,:2b܋Ujk^%\+A<\0*\%-;X<$A`\|x`v*P[\1.2UO2O_R\썖\P@;;V촪^ט#?&y?\#=Z\\U\ZT\d\"Gd\"KPY@3\6KCt7uWx\38N\K]Zt~B\\Z\06\n\\䨀,\0K\N`\'tVoza7<\\0\\IE]zͥ\u^\\\S̨<0H\\>C\@v(; \\@H\lL,4\\({D+jODp\<Nr2$\\d-kn\M\㨼\%*\7\\5\^7\eCe=3OdJiE9\\	\"S\QЗ \\\0Djfك(\nS%ĜՌq\Z5Ṱ\A(\\n\y\m\*ݝ\\$x<\)\nx<\r{]\0R\\c\q	4pnM\T\+\p\rovNIj%%z0\.\[_jո\\K2A,mE7~\w\1:0mvX`iTfխ\JA\)jDY\bu\"\ZB\r\'\ck%]7E\r)3),oүBd2@X=JWQ\$U\)\\ՋJm\e#ꩯQ\c~5\\"ƃm\wn:Eľj[E\n\7\[u.\(\j1\5q+)\\b\0Ai`J\7ѷh\\\0 \\\Z8c\2QE\F0\\0$<œuvNN\K\ZX\\0\'\0\0\0\0\0\0!1\"2A#3\\0\0׹&ɛ\ئ=\Z\11-87\	[-S\'ə3\\Vw=L\3fl\\muGV\\Zꬡ.\"IAXj`2\\T\9Ŝ\Z\בf3\#\	\\&׵Sc`\& \\\>?`.#\\\\\P\"V\h\bAcEj\\bSz|%\"\^Ȁz\\~4`MN\Ʀ\"\`N:l\0 \\Zrk\ D\0\ۮ(\5\N_\Ϊ{1\}z0Z\\"`c>NO\Ձ-tҩwGV\TksUO*1oA,\PFZ+Hd`խ!\\˓\pȥVB\Z\\"4>\s>;UҠN:ӽU\\\\ܔAg @l\rm6\?\ERr5\\?V\\\)r\!Q#\\X=Eia\\\"̌M$فH$>-Q\D\E}J!n\\Ǎ\7\ه>\1ᛀ|S\|JfCm\S>\\\L\h\"m \XV\(`p1@ǵi\[~On\\0~z\c\Zc\O|\A}\_hi4,1q(mT\Gd\k\ø=`P\kd!\\d\xri\\ \:aDk(2\2ܘj%\Ӳ\\\j׵\kP2%+\\Ȋ\\\\\{$\U\-\\Uk\\\}\s\\:TRHY.wXR\Gw\\r\\a\E&\\\_╏YZ\ajX\nBĩe\B0}6c8J\3<\S\WB4\`\\\\̊2g!\k\\\\T*kauW%y5eK\Z\ct-\e\r\?).\'\3SbHh\>r2Uz\/~\V`[b0/\|\Kqvat|q3]_1\\(\q\\uE\\\hO\?͘\4cdnSdks$vqRN<\2[J_rd\6dܖ\'%mq\~\PM˻y\⾻{\zxЍ=lї\sL\Z\/ZT 166?\AΒ\[\a{Aex/^\˭I0\n7џG\* \\9EE$pev\nј4;&}QP,e, Vک\c\^~~J9\\{)0\\\xa	\\\\~lwmDpV\F\\B]nу^\ס^KT\U\\r\\+\\\~j\\40\=MM\5\Z\Z~3N-W\2N7`\\wc\\\6\e\ZV\6zUTUN\\\Z\ֽ\\u=k0\'A\\;\x\"v1~\8Z6pɅN \\\r\X\\w1\0L\\\n\7\>f\S\a\0\\0)/Tc]K\\K\Z觷GM&e\v	8cJ>voզ;f\ظcw*\nu\	s^\e1Ԉ\\\\<pbA֦%G7ꦷ\مn\0KH\6Z^J=@\]H\\\B=G^\\\0W\_\\ M]h\\\{U\U\ܖNF(\TO䥲\fu*,\,qs\ob[V3Xe\Ɍ#FЄM\#t5?hF\\fF\j[\\"\0Fk\0ю?ZFr6>njnk\_=\:\\\_L\I-أ#ؾEz\v\rLn\(\0_PEB\'N-eL\\\+,Yez\r\Q\U*\{D\\gBZ+ְTGW\\5\&X\ƌe\eeG\=\"n6\\]^\PiP@SPv\rg\\\\79`S5\n\ta]³#)-b\Fq\\\\K`\u\"\"\\0Ƚ5l\,]~\c\\qf:\!WPЅaHPFCp\qRׅF+\\@\nOVW&z\b:W,簰Ȱȱ\kkz\U\7/nu\a)<Lf\'\\Z\\jڲ\\\LsM\_F깙AAiS\n\r\Gd)B\%]2q\=\h\\"wWlDƪ#Q\\\mrq\5dAX2,\\6\\)\ZŤ5	\ֆEMf-6W\V\Zh0l~K\!@ \bRU|o@R	MƫZ}\U\n#X>ɨ\:x\\\\r\a\L\\c\\\}\MA\0h`\\\D\=\4_\0W\/\0֙T\o\\"\Z\Zc\\04\0\0\0\0\0\0!1AQ aq\"02B#3Rbrт\\0?\0\Ҥn\;WmZ.\nkC3G=\2\Ƿd\ A-p\0\R,B\0(	\pK\+vٮ\$\0a\\\\2\rx\+=2|[@	\aw\n_\\Z v`0TI\\P	P\MHE\\0M\\a\\Zeh7\rk\mp\\xOXW\&Ў\\D4c\!C\<1\\A1ءYB{ZbrnBm\'آ\	\\re\g,&FA\Hf\g\@ݬ\0\Y\0%\%Cݤ\"Z\ÚPs)ܠ\rB)B!PT\f\"9R.\5`IGM\܎G\fAꛦ\\J\\\0\Ô M8,\fP,tJ\nV0+ph#u\8=SZ\`\MZ?G8\\\r{\\\aT;g$\n4\\\+\8[v\\r\\csh\\\0rVx`S\b_=\6MH\0\EV\BDF\\n@\Q\nJ.\\ZǙn\#~M\|l\'TdM(%|#ke\\nZ4\歰\n\GHA\\\B\Za;)=\n-`ua\z!!\Q hNTW\rV\\nC[j$k?	UBkӂv	7zb6Op8()g&\\r7Ji\B\*\\ZmRL=̀5)\Tj$\xp\\$|\\kp5xi\uXGݤoЦ\\P\\\\F\nGp%\rB\04Vb@PJ\"\uB<2\r&8Ze\m핮\ڎ#\\'Hzǰ\:sڗ/pʢ0\\'\nk[\\"\\2J\\\9A(#\r\`9-\"\t\ZM\PUG2C\5\%\n9Q\\n2$OxB՛=\\\LFb`C*n@aw$#\FsZG2\mp\npk@M\W\\c<%Jw[>\M\n;:V\@\rJߨ$p54ߪ\6`\\r&$ږC@Hp(;̋p\"\'c\'Z.u\B\0\\.(ĩ\\0S\Ax \Ǣ\{i-=mI(Oe%I\#\\*OhR&ʓ dxpMk\O{h_g`c%3\0\kL4 \\.\"\cM~nP\'Ӧ=:\ZTpmr9\\0\\"c\i!\@VZd\o?SM!\0w]Z]o\PB!X\nnT)n\[JЯq\0\lDKDA\'ǃ\\9oc\'4\\r/X09@\\'-\\pKND)d3HD	4\0\g\|C݆k\\-)@\-\'\'\,*P2T[@ģ\0l1(9N\\eB!Tr<\Zs\\\\B$\\[%A9\8N	R.J\ᓕ,(h G5\7		Z\0\06\%[h\\\\Z	\\\\ɇc\F[G\KAi#l\y\\ZG˔ZNA\H\L\Z0\/wtf\Zr\Q諄\xx*7\<w\\\\pk__+\H`JM5\\pZz\0\04\Iv\J$E)p\0AL\\ӫr{`jyB%:*I@zS>\V	\fŠ]\\wⳈ\ ~\?,y#AS\'\\|m<>450h}T#\"\niRqqH\0HHQ)ƾ\DkO\(\A쫁\pn!P9B\"P\j*TD\'%\0q\0S\ǌ\_LU+\I\pT$P\'\\((p%/D扱a\\(\9?G1\4\ZEo[\\[9ESDE\\@BfR\rA6j[\\\\\\r\\9A>f\\|K;H\3A3n[\\r2<\Z+>\HkRvP\\0T{<\Zcc\\0XmonJ\Zz#c{6\kEfBB<8\VU\쭱\Vm[s\JZgߡcB~4|Uⱴw+\;\#\etmBN\P\!v\T(p)\\pGb:3U:tWeJ\\"M>&ϡNhĬ#J,GL,{R\ <\}\\<8\"t\sc\PZ\'(A\\?\M+ߠ\n8N쏃\\0+\0\0\0\0\0\0!1 \"2AB#$03\\0\0ןz\0ؒ\\ά\1k>C.D\\k˾_\'~\\h<c\\\' KCc\\Um앝z:>e\\\rKWjڿ}к浭\Z\\\\ڱs\Xʌ+Έ*\0\rd<]ꌍ\qb~#nwLyqTϯYT\nJZ\?\'\Z\]c=\n\0\VWڋ,Z\2&.a\\\\#Ŭ++!l솦\{T>\%vTjڨ\\\/k-lqf+\f=2a\|0a<\Z\dh\\,藺/Zl\❦\'Z\n+HTu\0J\4c#x_n+Ou}\k\\Vz󡬋>Kou\\\0K,vöɍ\Q@\0UԖ	6؂\}\C\npW)>3\"\n#\e_\ׁ>|\\2C#[Q\dV\nұ׬ӳ>8+\Z~4\\R\)fGjHR`T攫6kxy׀\'$Hú\\\t@vįGmRX\I\udQR\c:\a<Ln\\-\}\N\\'.uuWu[x\f(@\\i\Q\k[=\Z\؎\\[}2%7T\:Z\(U߸>A9݌\'N\WT\\@f\",rHrnR\\WǾA=\P\;zvhr	9\nD\	`px/e㲺9\j6T+5\bUuW\r*VJT\\ÃU\pձ\Z%*ӭ\<5`!>\\^_l\!\)\'\Z\r$\\i˝%uBɐ\n.\ˣm˥\t\'\8ֻV-]\CpA\Cn+ޢgâjQ}\'\h\\՘R\nݙ\QE\MT\UF\\V3Lx\\kr/\ALDFP\\q\^\(T\\G\k\zR֣t)\nUa(-\\\b\\~^\r	L`fFu\Z\n0E/X\S񥚦ݮ˅+\rr9#2\Z\\90\')bpx#W\Z\< ʚsNZfZ^+@\|d\nM\rPr[v\\{zI,X\M\=\ĭ(\,\\և\Px\\զE846&Ek֚۪\\Eh^\q\\A 䌟VE}:;@\Ho\`?%>\\/[\;-TeljD\\\<\g)8^ʝ-K#)\\K\niڧe~=A\@|\֛\\\0iU6V-k3\lE\\\\\;\?rBع-\\P㹕HQ}\\7=\0 ̑ֆ\\ZCfd2`w^\*\\\\pW\\\8\m\\\ֱ\\n\?e[ \O\n ;\t3,9NݸhEt0u\\\r[V\ew\Z/e8y\0|4b@`\2,H.cc\0\c\\jz<u.:Gb\~߱^5BD\A\\_c25.\cTQ]ҢY(\P=APׁ\p6\3qF)}zu` I]\\3\vS\u\˛XU@5fpnoP\L\r\0\mjKFFq\Q+,g\0k_;g\ԩ4vz+i\׍\\SbG*Θq\rB^KD}\l ,(;Gm1\\\f&K\u <z}\\>\\V͑k؜6HKTt7tYՈ\)\\r(S\\tEVL\c\S-\\\"\މs.\Z\Xm``r\M\'筎E?\"\Em+_`\0k0k\V[\_@\rpV,J56+ɩ#f\\'h\n//;~\c$K\0nӋU&\l:F\v ܚİV\;3\:\\	1~\\*\\6AK\N\}b bw\\'\2ꜻ\g\d?K\\}\0/\Ot56\n\0\0?9=\k\\\\\04\0\0\0\0\0\0!1AQa\"q0 2@BRb\#r3\\0?\0h*\'U\\n(\Z\n\Z	\{\Zϐp?\,\o=\*5!u<ԩc\\UL\\0\&c~lI\^a	\U\\*^\O\m>1Anx \~BJ0Hc\rN\7\\\\r%Ǌi\chXxO5n h\S\L\\ntVO\"P)l\0QID\r\n\"\)}I@)\\\0\7 \"*f\=\s\\r\VO\p\\Ҩ=\'j\Z{\ \\GU::.\P`\h\nI\B\\\f\9vU\\.(\dC`\:\ef6\\\O\G\L\CÖA\'\r\h#pc\\M.E2\DSP*|(`\n \ֻ\A|]9OP}\r\Vg:\\\\0o\au\dL\\!M\ɹP:Ut@*	5@!\\Xi\\i]-\\ZCȃ9$+҆\:F\n4:{u4숱&b]\"<jZ\!\F6Lp.N\|\\d͂\!W\HkP{DWpVW\0ǇP\Ps$Gd. |C\\{i\Z5(4isV\"v\ @T@	\A-hQ0Fz\\!%O\\\!\\\|aC_\"U\0<\T!\0\"\<nw\0A\0\Dh\\ZR\h\DXc(4hRK\Ăm!C1\w5+\\rqؔMcj5YAh31\0(-:8,,a\s@G\B\ܫ섒UOU~QEP7.]$A&fu(\0`\)#\eA7Nx(؉M%I&\0a,2fA\	\Z#Jo\\%\0B<R\5]64@S.ꎠ]6\0Q\Nl\\	Fd$\cM!\~7<@\;,m\3C{PJcw(bX	C;\ҿMPj4NWj<*H*\N5KbLhVt[\\\0$)\D:ԫ&\.uExJf\\\0\WThH\u\0ѩ+#*$M\Zeq\\I\"\'ENo\Ǌ\KJ{F\\\\*)\</)\\h-$\\(gT1\&J I&TTyEh\\ƐjhLEBLe\0D:A	\q\@G[!>\IY\nL}%s\]\+\0J&Tq]{\<4G(i\eH: \\\n\&4AA)\4>\rj\D`yW-\T؏\6$\0\,\\HS\(141YH:Ȋ\\K^]\HpEF\pJv!\D[\F\\pl\0$c6ǒ7躠̄eaaS\\'5n	В\Bh\\)-P~\HF?\#f$}\\0\0A5S\\$\)Dh\\n9;M@5@vT:)$7p@\\";J{^\\f\I3+1\/Ma2r\DH\"otN7\Zb\\&ZbJ	5]AI!A~R5Q\i\>r!\ˆ?HC!\d`fJ4\IF\':%U>\)FtM(nT2SD@\0I;`e7Nb\:sZ\"\\Pʃ+3\\ւ\\i\\n,qAs\fi(Lj*7Ȏ\2$?\9=Cbڦȃz\'0d)\&kuC\줺X\0\'Ƹ\";N\r\\9i=\\\M\rJv|.L¬`s@\ ^(iZ\0DŖ+-:h!Yw\Es\\T&yI\rL\'L1iY\D9@Y^Y\!\i@!t\0{eFr谘\\!q0T.2}llJeFJv\C\BdQD\uM$\\rR4}3Zh:T\"\'TCu2B\\rJ&$nWQ=\\\B&\Q@pC\`\,&D\S\\\&(\KdRg\ZOIE\Y\@L\\92\uct[@4ܨi3!T#*\ \	+1GtR\r9AC\\IB-j@\0l\ (阞ɠ\niAY`v=.E\\h=F\n,(\\\ۄ?R6(YE\\0\fT6K̕uҡ9P afo\4CR\s	P@TSu\\\.q\]P+Y\"\T\Q\ElQ\n&g\T0\\\n0\rGS|MتP\} %SoC&\v5QA\nPkϡ=\(!\3^B\xA;C\O\\'),(8,'Benaboud','Abdelhak','Responsable de la filiere','benaboud@gmail.com','bena123',NULL),(9,'Choukrad ','Mbarek','Responsable de la filiere','mbarek@gmail.com','mbarek123',NULL),(10,'Benhlima','Said','Professeur','saidBenhlima@gmail.com','said123',_binary '\\\0JFIF\0\0\0\0\0\0\\0\0		\Z\Z&\"\"&0-0>>T		\Z\Z&\"\"&0-0>>T\\0\"\0\\0\0\0\0\0\0\0\0\0\0\0\0\0	\\0\0\0\0\0F\0\0B\0BR\ Ƅ@Ђl \0 HD@&h\0&,1\0E1DDM\d\0\0\\rwb\0@ M$	\rE\\06MI\02\\0	\0E  \-\0\\\i0BQQ\X!	1I4$ 2\Z`	qAD4h^\\\0$qHi\4\ B2I&B I0\"!\08 \\`i	%\^>\x\0\0;\0B\\\\<\\7\\\\0Ǆ1bb\\0LI%/۰%*S\_l\0І21AK\'?d\Z\y\lBJL`\06\0Z6\0D\"ܾ\ʵW\h$1@\rHbԚ\?e;QJ\\Lm䘁<~N2\_ò7]NS61R\\\U΢\&\';I\\\'Nnc\¼vi\$\?~\\_j\\c]\e9\\;\d%%ww\I\1,\0S\(\	U8\\\Z	\\\f]<\l\7T\S\ʀ`\rs\n\#V=pV\\U\'e\\69`T\\_&M\\0D)8T`\bb\\1ʞFX\k껭ꬪq瓾\\oqtʎ`docS\a\Ҩs\\\^fn&\Z^3\\s\\n)Ă{·ul\?#q\k5\d1\s\\m6\\\yԚ?\\q葙\\.矂	K5\\ht\\M\'\ϥ\gOM~\a}ܧ=\UZ\k\\:.-LU\11	\Q\;(Ul_I\\6\~ۜ\\J%\[͞U|\KlzwQJz\ϵ\\1\>\]-\U\^蛭/\\ӗNrvnk\-f5[u\0nQ\ǦTb~y\t\gOE\\пKW\\2o_\\Slx\\+3w[\վc\2T4\ϸ\\\qaW\rX&\ż^\^\\v?\v}\\0E9\\\\\>\7\g\EL=\`\,e\<\_\u\Os\\Ҽׯ}\v\{ս\\-wO/6\\22{\\1\K7\\\Z19k<\\>n\4.߱\ [;__\ށ\\.ɻg\\_4o]7ѦS\agor_c\Oq\}\0\_\/9\~x\'j.FN~và\q\\A\{\v6#\\h\e>毖4z\~\ϋ8\:cm\\\gd\l\oxkd\H-uSK\`\.K\\\\~gs\v?~&\e\\\	C`\0g\\]n}\\w[\qI_\\\\\src\>;u\\m>26\R6\r\0+;3Y7\r\\\ݾ\xϥap>\\\\\Z\Z]\c\\\rceC\0bi\n]Wi\\\ٱ\xOg/\\Z^\}M\\\\\M\^RI6 \"$s_2IGuZ	ma\nWż\\\\9>G\P6\ liJ(W[V/\\;^\{\\\!\l\\c\ClbZE\C\Ff+\/-wQw\ҹ6JSld.CM(쾺\\b]U\\Z,^\{}g\\rm\m$%$R{\2|ۍ\\}?=\0O\?)I\&9\Ll)d`(c\;\|\\feJ%\OW\\I\\NM\\@\D@Tc}ꞯG\r5\>\\?*xd\)I\M\\t6Ąa凌iN7\\};ϧߐ0ΚR)JR\0\	!B0`.o\߳{,ky\0:\}2\kZ?\L\\\)JR9\c\nmqP\0\'okuֿ\:\\\\_\\wEsL*1ay//?F턳q\m\{\zkü\mf:\vWr$QQa\xi\~Ѵ\\b\4\O	\ck\\lz^\\66\\~w\\\\\=OYo\\\\\1e_=\7|\r5v\;\;lEGo;Ʒdks\\zGU\p\\/\+q\\\ dfFNVv\\; @%G\|,cj~\l\mr(\uy\>e\<y¸\͢\ٍ}罕DyΒ\]\ޟ\>\\\|\\*o\x&AFme̲eY~V\s\=.Rh\O\Zm!r\u\~8\/笍v_8icE%NsrXv\~N\s\$k\|\\Zj2\\\ʅP\}{\0A\|\ly\\Zkl̞=sZ\'̶\deߚycc\\I[F=\\i\:\.g|ήm5\v	\YfEo\>+\0q\K>.3V\F<s~m\_\~Q̒?*T\\\ŧaEV\?K9j\\\Q\\\\\u\Z\k+.T\d%ʵ[|K#c~;\\_\\C;uW֪n+h\\\\\nBo,\6({)t8/ek1\\'Ut\Z|\\\\\ɕ)<lmE.y+\\^K\̪\\d5\.J\:\Ptq@\'n=ldW\zjvm_\\\0([R\n\c܈`[]vFv\۲cG7ו<\T=\|FiEB1vlQvJ\U\\=\c\}\0/\'yU6kcRjL@r\ы\+uM\MΛ8\\Zm\\\0\0\0\0\0\0\0\0\0\0\0\0\\0\0\0\0\0\0B\0\0C(D@\0C1\n\0Ȉ\0GV\B\"STD\0ώ\09\\d .\0+o&D{x&\0\H>Df\F/p\<CHi\/O\{M,>s\\JRfv6&\`\̎?\pcÆ5k|;WNm\S\@\3\צ,\\k\W_m |\5c\\\,ٵ\y/,\nn}|\\X!\ݧ3\\\\\\&Ͳ\w\W\m~c\\\\\`\\\۾]ϥ}0\fL}\r\\jlsj\d\\\|\瞖^n\\\'6|<9m\\0#\\\k_Kc\^.=\}\0qA\7\|޷\}\]$\_3|Z-k\\z_q\\\0!\׶l,Z\p\,a\m\ZحҮ/vH~;[CcyK\}/o4`k\y\OI\z\\1y)ηɸ\7\˟Ex\lMؙ\Z[\\28}lzw\h=?漆\Z\SGNsai2\ϳ\\3\af\\\]-&H\/aդ͑ZڱZ\Ӓ&q,\[\RmR\"LMFJmS\\-Ǫ\Ebk6DI)-\sLQV\"\"\j\"\+\\0\0\0\0\0\0\0\0\0\0\0\0\0\\0\0\0\0E\0l\0\0Bs`\0@\05PM	QcmHcm!I&6\0ƺ{}P\0\0\[y~ss\\HM\r\,$	!\i\~7j5 \.\0\d4hQ\Z^3\pD	?^{읓sD|Z\"ޯ\@\~\\ɷ\"*\\Xp5\Z2G{\2\\\s,sŌq0\\|̉ܽKedI64a\qj&\\X/`\\Vw+\c\b\N1(Ks~ɨm4s\ߦ\uۼ\\Z\RG.4v\\\\\Oφ4,\\"t\0@u\e\.\kp#Oc\QH\;<\my[Fa\cjx訓Hd\}!\\\aپ\\\m\\)+\r\˷Nݍ\taq^O\\EBU\!)I\NF\\^\Y/3EBV)Ns\={,\L9B,H$\9\}~wx\q\<W1\Z\[>Ӻ(\¬׆\J\%\j\b.\r\nu%Я#\^;\&˼\3\èylW)D]g\87\\\rXDSUN\'1\\\}#&\3:-ED¨T{\NT\QH\n3RƏ\ޯ\\I!I);*E	x]2MJ(m\(\{4\8\0ۋ!):\?\\0G\0	\0\0\0!1AQ \"2aqBR#0Pb\3@CSTr\$Dsc\\0\0?W<\ʹW*\\\rUʹW<\\5s\\\rUʹW*\\\ryrUʹW*\\\rUʹW<\ʹ\UʹW*皹\U\5rUʹW*皹W<\ʹW<\\?\0/`ϴsq6̩\}E\\\\x%\\\\7Q֤sh\0>͉L\BB\Z\rK8}ELjꢄ{N\\F\\Ʊ\h\ڻ*\\Sz9b\!\'\\A]zQ\n:<\T{j˥+=\lF^A5Yk\\3\\](E^\\i=\<;-\U\E\=*<S{\\6\9-I\Tq\\ן\\zYp\|>\c\@6?YڔX^\?h\=|5UMdg?]vX\Pvr\\=c\\,Adu>AzI\O\(QV;Jy\\\0!_\\\0\fBJ\\l_Ganz>^}L\YYm݋\51\\z_\0!^V\\B\rk\n\\fB`֞_\+\\R)[\m{\{B8\}\T^U\\E\\\g\&O.ʋf\^\m>.B\Z&w)`Ll\\|a\?^k\\-+|r\?޹o]\o]\o^[\-\[ҷoJ\Eb<\7sX\\b<\/X5D5ڴ^4\'\\\'8?\\I\T\*\\8\6vu\Ԁ\01*mCG(F/}s(\ne/,*\\Y}J\\\>\n\\\ed\\@Yu-\Ǩoњ%Whk\\D/4\\G\0\Ml\P&bx3\~v4\\\]o\0/~(<\(~c5tV\щbXV0\[\aXjMdBY\E\<׭P\\'j4,+8+g\\^\6*OJe\\\0tAi \0GmW \0\?\9\Z\+\p\\\k[\\cFC\o\n\\w¬,+\\0*\ %u\PwX}\Zl&ٻ\\c6K\\\u!d^ήN\ѳ \\"m\tY,K\Z\,zk@9KX5f\M\6uS/\䏤8ww\a_\xG\YC\f\0Z#}$٧eoe3mlty~j:&wB\dB\1Mu~4C^|e3ꥁ\þ\\wt\N}a\m\^j\04]\\"\cX\"+s\bUR7̩&gv3#kU\\IPZ	љ!@\X\\'7QQ\l!Y<tB6ƹ\]u8-	w/Qaͭ-<2Mj71Y07QmqE\E>+TA$>=\*z\:1Geen\\\6Tt\nP\\*\\?em,^IO\(\';DO\\zĮV+++X.MU8\&u5C=\>**p-m88J\6X.V\\p\n\]\\\\08\`M\\ऀ\\Nݠo\9Cv\W߳\kTr̾\C\9^tBKJk_uuu~<{8;G\q瑱g7\\>]{us\ws~s*hKc\!\Tt\\A\vn\\b\PB-P|@d8\B\6`x\'D\)\"i\-\i\%>΂_\aRm.\\g!AS\rCpsN\z/\\vmS~\/\lq}_4SD䯈+\4M\xM۪!\(\\\Ƈk,.\`Wr.u\0\\\B\*:IAO\4֫ٿ긛pf\uIO\a\B\QJ\\al\\vMN	?d㟂VWP\i@]VY\0͌@\0%}|\&\\\Z4\"\\U\\xh\\p\'3?AH\\FѺ21k&.\<ܗ\\\\Ivtjeݻg\"_YT\\G#_<\VcrBwS4䙶fiGs䡪\\}U@\\UP\\q#/0c\t	\nx\\ \\&~ㆎ\0\	7U;\M\\R#oqD\6WE)]E<0l\7ϚF\9(\`#a݅R\Yas*Z\\\\/V*$ȯXQ\f褙rU1\\n~*zgܼS画V\$\',\o\uL~J\`\eGkѻ\QՀb4\\"pt]__>\Ӛ%$\\ڏ\\\"}$>i\\_%4\)\\0\\$\x\\ڪ?\SH#`\ʞ@\H+lJ&ݎ\?2`f)ω+y\\{X3kJ\F7\_\a\Rm\\ж\浗\\Z_eڮ7+x,rC݆\Wsx&Ha- \B\H\g_53\\\tC\D̆j\Euu|\g:=%\r3\"\\rݍQ>mE<\pAd:n9)\\\ׇ6\\nQ&LI9ֺ\'5b\\0lD2W,/\>\\q\gN\D;+\\4y \\ElX\~e6V^=\\"\jFi\\w/\I%Jժ\ۚ\s.7\\]\\J\C4Z\0\j\\ݐ&ʢ((F>\n*SfNo\"4;<\\]t4ܒ\:6Fi\\\\Bv\Ō||\>\殝tJ\'\"\\I[\r\Y\\r!\\W\]m\\]\0lw\"T\ö4(\\f\ \Bkڻ|Ƨ\B=\\ߚ\PZF\n_$AY1[\O	\W:B# \ ,\ݽ\\\4\iO\KT\\]S\o\\๫憙PMJxӜ\\\\?]KRg\i\!+e`{4D\\nVN)\%R$\\@MS\y^\2\n\0V\\Ƣ\\\m);]T<\'\ӻ¨)_W0[T\NA6Y:3mCUJZujd\1_dc& \r\\Bٔ\\Զ6^(0D\\֌ \0>i4u}\߂]\\:8XٝGKP&\A\n\5n}\Of=|\0p};4\r2|:\n\bk\Ѻdo\\5?\rʁQ\rAi\:i\\_ݸ\=lG&\MK쥤<6k\2\\\E\8\lXMc棏\%=hl8÷gU;\Z\1\&H d\\(k%\\*\\\{n\\2\r\8u)\\%4Bg$\ak\4]\4\n\uM+jW*l\;&~\sr\'bid{.WE`\G4\0>z*\\L\)\\Ĩ	Yw|\\N%:\\tݟmSȆB\ꞏ\~M=\t\\N!q.y\	\kwJ]\wTxZBA\5\'fnj\\L\tjjo⛒\\&ꦞ*h]#̀UurVLdrCXd\\Q\\Ge\5Z\\"ڡv\"|BCT֦\\.\@fA(k\Z9\\O\䠘,a4\n64T\G5Ƌ\r\H\0*\sTo	Li\H\\\h?Igj\4q[Fղrc{`KM\\'\\,rho\\Ѻ\ynjz6Vcbo,i\\\\YCy.x,6SF\0\ܔ\zȪ)\\\\\\\ֹ\\SQ8\\}vQɡ\袚\\6q\t?Tf1\/\Bb\qmK쨚\\e+\GE\.)$3O8#/\*%ccFr*\nڨ_\Q\d\燎Y{\̢;.>kn\\\,\՘^\6\$-m\\\\ݙwo.IC\\QU׵F\\T\\\)M\\\dٛl\68ji\(\U4i\uQ;$\n:J)ei\UL\cu#$.5C=&\T\AH3\\\ZU\\\o\\9~\^\\M>\T.cTC|\{l\oG\\"\:){ٺ!-\}ݧ)\\5\\8&;i\^\ݯg\d\\ɬg\੢\\A{\!o\k\\[T\YT\0#\&Er\\0@\\ua\98s\\Tn|S`@\$7Ǌ\\Ǚ\\v\_\\;ΊWd.A\r\#$p\`v=2ȒM\\&XC)HNl#\˰\FR\\\TTǏlѮ\XxYnXb.#\P\\|q\\"s&yn\6@-ՅY\͋B{O\4⩃\,\-VI|y]LJn16\ir`\\\Z٪\Z\|-\&\\\ݸ@:7S;\\G\4s9m\sMz\Z&\db\8y)6)>CwO\Ms\\\\rG{\"-u\\毻ќ=ƍ9T͡#.\nP#tl?DYf&I\ѾvO.\UR>M\\2X%\"@\\4| \9|\r\FY-\ሌԝv\{w\2Ydt\\N,\$=@\D\9\rQ[^0\G\+\H\\Q3w\\2`\Kգs׊q8w\\~\\\\	\\^䑟?$i$s>\ +\\_\d\\mkm\\	\Ž\\\ɶIN\\Y_H4м92`O\k\܎+2\%CSkwy&s楕SL\\|\\\تJL\_;#1X2->#\\A ַ%=\H?t~(\]p\XNZ\\2ku[8|r1\\cÚ\;.ˀ\\:\\\rѧ8ND[\N\}\2Ji\.\?\n(\bN\⩀n捘\x-U\=5.}\桩lFqwR7o\/m\\8\\"\*썏{^5ǉ\IMg;\\\o\.\-:sL{+\]ߘRGص\\fiv\B\\N!\0U][ ǲ\\T\>gJ\<9}0V\~f4b\\n\F\ocoh\\\Sb6#\f4\"\bwVXN`\0M.7i\\0E~A\\R0a\\/o\\h.6[ƅ23\a:pM\ce&N\B\|8Gx\S4\\Z,8W\T.#\G)ȗ\1:\\lv/kFb\\0J\\1\\\^\*l9[\\aXrXT\\;Œ\\^\\h#x\zXETRq\S\\\0\^Kѷjr\{|sW\Ǡ\\#\9y\x(X\R|McFM\'UO\"2XF\\\\rJ>չ۠3o\nVZLZ@[_fE7 p:\urByGS;\z\]\\=\%z.\wO\qcox>KT\EIn~Kvp.u\G\fZ>,\aLm\]ml~jݐ\J{\'\T8ٚ\J;&\eus\\(\L=\U3\S p\\K`Ԙ\\'\\08g(`G+ӛM+.~JOy1\˼\\Zq\uZ,B\8/kr,\y*\\ً.S~\n\-	rCwKd\f\ZئmZQ\f,\MU,I\W(ى\dӽ\\\\r\,\ɻ\T\#\\t5\\ou\&;_\\wnJg\\̪\\Z$wJ\M\ˊh\L\\\G]\&L\\ws\w)vc.m]@qPՕ+,2\xqanac\;͑vk.ah\~\\7\|\N,m	[kٷQnO䛐CGup&C2f\\eo߈M{^.\p\\\]\N{\=J)#\\\\anϗ\\~\QXӈ(SFxO~\\W#\"7^g\\0ST\qd*D\\߀\jzOC\t^曃bœ?\\\\֋e.\c{i|=Q=\'Dũnέ\\F\SvjFc PKmM\\\\\r-(&l\ؤ:! -uK\ͼ\\݄vX5\&a@\<\ -q\0\S\\0Us\%N)\7.wnc\@\'Ñ\\\\\\%w\T9C\IC!\\E+\=0*LFL;G%P\-˼-z\#bx,ːv2\\$*\\]rn]\uE+̔\\󚬩e\d$ڍ\p4ஸ\0N\\ZOV\\(eS5[c\fS\sqW=#s u5Gjq3N-:\\c.\\0\\pы0:\'x&CT\0\)&gH\G&QQb3O&\*RG\t)$t/y+^Z\:uDrX\@˯SU\\WGi\\\\?\xQ5,HZ\\QzSB;}~hP\\O2Ig^XqJXy-\|B1c6Rafy*O\ԝC#\nJ\ǨXuBd\ME\rzNA\r\"+Nr\\n\\rF@.\3\\v&\m\ȎgP>H\\M\\Ydwm*@\\\u4\{˜nJ\^\;uC:֪݆Bv#\Su껀ꐯ\\\GLo\\\7BH\\x/\3\Mg	Yh\fN\#槭\`RALl{\\)\}Gt\O;\\:Ө:\\\Qӫ,\\x抺*\\:\\=_$Ge\t.Ug\+\\0\fm\\\:BvkՖ\\R!MEUܚ:$\>\XXXV<\z\\Ӣϣ.]\nzB\/kP\\\=:d\ꬳ5f[5`\\tpmm\n\\\\x\UN=1ibMl\EjSY\껽\:\Hu\}pO\ߒ$\r\61ӆeA6\ng\q(z\n>=Q\'n\ox\"3=VD}~Qz1\ŏCuZu\v\\\gw\h\문\\VW=C뚛\:-\˦,\=\B⊓:i\[D~\h:T\z)\^_\\0,\0\0\0\0\0!1AQaq \0@\P`\\0\0?!\g0\g#9\\Fr3\g#90\\\g39\\fs3\\g39#9\\fs3\\g#9\\fs3r3s3\g0\\\\g39\\a\\A\\vrG\0\\0	\'\0\We\C\g\\r\ϩ\@\ZmvIn\\gtm\$&NP\8cH˟\\"\]\ڌY4\b\R\0R?RHtj&\ث,y\6D\\\0Mݑ$Z&\s\"&	ВO0͉D^\\0\\(1\\\Pj.\#Pi\.<\;ΐĈ#\\`\$-Ǹ\\P\_\\|u:.؇?\CY^\I\\v1\(2cnfeqE~(].)\\2cG\\Ƅ\0\H>n\ T\\Rk[z^8W؅e\~#q\m\M\\\u\kL\\\\\e~8^v$\	\'\[syn87^\"zdؙn\F?p\24\i\Y\S\\\Pi\!\\ՋJ^\r\n=G:~r`\-KO?\%<kbV%\DB_=\\\\,raFX$\"h]\lz\rBv섻H-(\(\n$\0.\MV\OvA}E^7KB\cĨ\\P\\Z\§\!BK-7\-4w}zdILe襉)\tG\\`$l\R~BZQ\\\ZH4cn\\g8q\ro6Xn]D%ZH\%M@\\3HV`!(i<XD\\qg%6o2BJ\\e0\Hz2g`\C4\0/(\*\㒒=._\e	\bm\מ	E]&kGe]\8<Bt\\}{r$o{\\\\GMy\n\\!,X\XL	f1f\\\Y;||\\\a\Y\\^N˒\nPh,[\b?Ov^|m\>r(\\:,b>Cg\?qӐܛW\6\"	2K\ZU\\i{$;$\Mb7E{㑋\%\4{S\0ae!;Q\U_idN➣ԙm:+\xG?=˱2I\\jfp\h?j)\NJ\\\\\г;v	\lڶDVYc.\*S\ג\\`ۚ+\0|Sd\/z\N2[\"&F8pܴ-uhIkoJ\\\j\Bǒ	\\\5\OE\'\a,j%(ƥ\\Z\lċj9\ZPy\HWd.W\0_ˎD\K0{[<o95 o,{l}\t&<\V&bՏw7v\'l=Z[66I%.\O}\+\\n=\\k	\~Ftζ4\Zy\S\Ov5\'zA	VT\\<Re\\\տ7\\\1s)rjn?c1hb\b0$jw&Fj7j\0#y\\luZCܙ\Z\\i&ٻ`\\0\&L\i\ȵo\	\\\C,\Q\'t }\h(d!$T5SpJ5ؔl#4\4($F\"SwQr{&_,.!b_DE\pkx\"o\Ii\\Dtp\\8-S\\ڌbعo\3utT\F7\LpK\4l\QxX<5d1\\58T^FdSkNGY\捉\\MHj\r\t\"ZÌ%Hkȧ\Aȫ-\8dZcA&k\^Xd\l\4b\B$u\v\Hi-[F\Z\'M\B\L8\_Q̐Q\'cI!2\\\ޣhq\O&\Xr\ZHܮ\Mo޼#W$\0\ol9:\2an?\"\Z,R8<l\\hI\\\Z\BLDВ&\_.\\&=LbD )\\BB{#\n@Db0}h0{^\\nD\\Hʷ\oc\"\\\|	i@#\\_r\\Q\"\ކV!T48Xa\n5#k$\\Zl\ڌڵvB!\"\H$h^o׍$lc9\CZw2Gϋt:ú\dr\TQq?ɿ\a}D\\\A޹y?\oAzS`=}ȩv\a$/+\\\m$\ZqWn\<\w#45\N\>\c\7s-	YD\Z\b,O#\\.fS\2Y!\rYi\\P\0\	L\)H\\Zb\\.шڞ\B[\|\Zĥ.e+&2M\.REm1\\'MV\ri-[\\r\n\'T\Z\bP\uE\x$\jƣ\nJeISգ90\m1\{A0\\\)7F{9\>?dA<:<Yke??\o\\2\mi̍Hgwa*To\1\C6RK\o+aG,\\eAzD^YK/2 +3cy`1n-S\5ʢ\ZMd\0xx\r\=\9\Jd\@BX	L\r0\\\άē\\\w>[4EhPf&]FD=\md^\\G\l\!O_v\W[\umB\\L*\Ã+rRqe+\\5;D\\Nc\*B\\K\V?@2\\'w9`\9\ \l+\Q\n\ZJ\\0Z6C\'R\cA\)\\\r[r\/o\\95\ц%+\'\r\\ZVN\'s	ǈݰk-6͔\\4MZS&_`ٓM*Z/ęb3\aJqFdq\\+\w4+\"I\+rsOh]Mќ9\Z@\\\K48hPLMs#ըr9\\ȡmV\\'9u>/o\h\(WJD5;Z!3\#X=6e&#>\0\M\n\-!h\SV\'eMQ1\\\7\\MiF\\$\Թ&y=v\'k۱;DhTi!V\`ta\V>\b-*qCQ\Ȧ\\Cu+*5\\\\P0\\N\\)pG=V<\Z\m\cA\ZZV\!{WaBWp\c\\\"$A>4-o*\\ޏ3z1\dp>*i\4\'xXn\J¸Hȸi=\eon\\rL\D\n#QER\U\ـĖ\lD?\# ZDlp\MO(͡c\I̟\Wc/]5%lQ\K\@6Gi\h/\Q[L)tHR#L\0Ż\Zo\0rg\\HǅcN+\\t86b٧.6](\d\YD\1\\"}L\r.7.!ؑH\!\qH[NYR\EfI:{yb\.1$\fD\Z%4\\0k_`YU}!;a*\rn\\qQZo\m\n| Z|IY7SmgBsP(;,-\6534m\\\"1\4v\\B\pE`٪\\_\^zK\\0\\Nr(\xK`\(\(P/F	\GȈɒ<\ZFA\>AtMd\Ri9y\\d\*D\y%,6yR.RMB/\&Q%U\;\r\F7))Brkp\T\h+m-\zKSY0\^\\~q\\\Ï\j\\|l\ۈAA\G\Y\'3!4\A\4$1\Z8\OMt<e\Z\-p\94\6Q\\3\(~Qk\d\\.B7T*tw\'\\%I\\H5IW©|sr\\~|\6-So-\0j~\\=׺.J`	zDؕ;\\\\\\;#̌s5{k\"IU\Ǫ\\"|JH\)Ij3\o6-n|IW3J+`;ߌ\\ik1#k\oggkG\BQ \\"JOkԭ\˕?!\l\$q7	L\'/\?SUAC^Dw\b\F\0aE6(\D\\\Y\\?b\Q+\/ vs\\ &\\t\"\'qU岍+JW\HQ0/@9\\.+E]\ 6\:X\\E\\\\q$\\\\"\\H\*q/-\>\iB;\Y\rKe_\G\!Ϟ\IO\a.Z%|8X	iD֬nODa[ie7eqT%\n\'G>M\nM\\\nZr\'J2Su#R\TOt93Ry[\"Ai&ړ]\\x\ݴ!9Oq\\vCm\L_f\敻Ym4r$P8Q*Rx\'P\h\A4\1zB\ӨNDI\59\vBz\\Z\?S\\\M S\nZ\"\5ZiY`:\VN`bN6؋x/Ld)\<;\C{+-$\Y!sqrt\\Q\ \/#ٲϥWI)\E5ebl\r\o\E#\'\},G&2-<d]\#e\$ߐ^+\dKնFvqЋ	ˤ\U\PNK\jÕ1\ru\\"&|\n\\e\/5Ѓ6.%~\RqF\>MeVB;KU%39g\9S\n{	aǁ|dA\JԚ\cȻR\L_\Z\) R\Ia`A#|P!\2\\ÊShH\m\"\\\Ϩ\R\J\\\\\\\riFF\JOF)7K\~D-p\\\3\"I\C\\\0\^sW\ί	1gmi.&\'\r.v\\\Pl\Z[hM\Z\\l76J?fin6J\2ISIǣi\hSS8):\(\D M\n	_\1\~\؃\ЉvEc͔	(h)k\8VJآM+@\(&!}ii60k\F-\'\З31$)^H1w$h8.JC\nqjf\\6Bfv3P1b|Ђ[IKp#v\APcL\Nh\a?1\\x\*ّ[xxvaL\\y~ǰ\7V\(`h1Cɝ=|~\r{Ԃ\M\n\a=x\2L\Co=A\"\✵\s\'H̜I\<\5\ӫ\'\'\䔫\[\!B(\\J\_ͩ2H[<)Lɭ\\e-\6%Ak1\	\KL*|\\B,SUO\\lT4L8,9AR]6\U\n\\Y{\ZuOH,\m\F\ZSO-;Hқ;JKa\\\r{)\\\V4\q\G\Ђ\Q:\"E\\Д\98V\0#\0E33l;\O;\d5\r$nk7)\\ikLT%49$`HV\np2m\\8,55)\+\^\\iw4nنF/o,ô\\Z\м!e-R\B\\\\n4\I\_#\\8؆e#LBo\r\0\:\O\5t\rبl\FG+Qi~\e\\"\jb<\'\Ysq*#)օ)!ʷUd]\ύ;k\\0Q:\\7\a&Dɘ\>~4ԯ\$\Aр۶GbDhd8\"t$T\j\'\&LZ0\c\\;6,0Y\*\IF\+wH@\n\H&\0c2m\z`\p\%<\/\Q\\0B4uB\L\0\h\\a\bKbC\'1\e:\dr\*kc2#*\8&0\\lgRPd\Z#cEܨ5%\\OM?\\D;4,F\0I\\^GFҡuN	c	KOR\Ŝ\q3XN\]\\\he+\s&0^w\\'\C\G^#%0Wa6YJq\G\\\'	>x>0.@\ALJ/\\>a\\mWS\'fIuK\ck.\\h\'U!i\Xdh\G\!!/CI?ޱ\RJQg\"R3#\Zݎ|sj\Cil!\C):7E\\߬tn]	.I\u^~\Zt_\\qg;\ZHbm\PL#\\rێH]A;\\r3-n\y,R9~\9K\ϲsc[IQ[\	H\Z\\H\\\	av\g2\ZW\\"ٖ\\Z\\Q!-\\M`ҟ>!̘F셨SЃ#[΄#V.-	\]\rв\_FK:\Z[\r踌n\\ uA$>\\Z\ZzZQKQL\r^X)Ջ}Fz%\>}9\+c\JQ\\\5]\q\$0.6\\\'\+\r#	JXz\4\\nu!\@\#CB03!\ވ\\Y08 :]fU\#4\n)\~Cb&ܒ.G-H\?B\n:d\n\y\nt&K\f\JuPS}GG\\E\"I\] 5ri\DQ\ruDHtAd\3E\\c\\ ]\'E^	4\\rа;\g> $4Bo%\d&\,J\u]X\P\{ЁCFעOB#Q\ZC\$%\X\K\\Z莋M\@zji=ҳ\E\N\X\L£OFGp(O\\0(\0\0\0\0\0\0!1AQaq \\0\\0\0?\0Z\\0y\O?ޏf?֟\O%\?ܟ\1\0?֟\K\0\\0z\\\0R?֟\L\\\0z?֟\3\\0J?؏\\0Y\Oҟ\\3i\g\\\0֟\Oh\0ܘ\>3_\o\~\U\r\r\\Yw.Y\\\~s>1E*_/\0-x_7.,\Ze\o\0q~/\C鿪G_\\E\r\p~/\\%\feB\sp\0ŕK\\ܻ.Y.-/Ƣ\\\eys(n\\\'\:\qJ\\n_\\<\x+//\X2\\\r\^nc\xǕ~/4˿3R\%+~n\\T/r\˹^9p^_#.]yM\>s\|g\RT\\M\ʄ3DL #qe\c\\\g\RUJϛ~/\\/;.,p\ܿ\\ߕr\P%#:\\\\|7jTG\\"Jϊz{(m -L\0ٗ\\'K/ɯ6B_~G\~W\\\\\\\\\Lee04\r\2wV/\\\FA55a\O-\\)\⸀\0DDP\\\\}^/\_,5_\\Զw5\B\\\|\Z2\u*\/\0ƅ\s\,\w\13Y\rs}A\\0\>O\'\I\^>._<-\\\\E\\\"E\Y\\P\%1%[s\b~`4.\NZfdbZ?kכL\˗\_\lxs˖x|\\$(]^b_\]Z\B(VMY\ji\	^v2\\xr\I~k\2\e˕~_K|\hO\Y\~`2#!\\&hZ\(\_\\\\,Q\HE32\\G\\F[-\\q\r(dx%VX2Sg5KG\lM]Ag_S\"+pn\R\\0K8-L6Eq\"\L;PǺfr\XD9s-B\Fp⿣\j\+\\\QUOP2O\\r3Nti3	.]\YW\̾\B}0gJacU:\#{\t7T	M\\\/\R\[\A\\0^)I\l\ae~\\\\Z&mo\W\0CrS\n[٥Bι\S\Z\\w\i\UĪx\);lp枏\nS\nўK,ߪc\m}/ح\\\H!\\pkoW\L7W\\\ro{\F\~@\)p;A\\\\b2QA)ϛ`n\rLv -+\0ɀ>ۥ+hz7؍dUGxTm6\\'\0FBV~CBv\\WX\\rV䒗0Pw\Z9\@q\W\t\Z\\vU*\0,py~muT#~.d Ruh\\\"\'VL\\\NxP\\nxиJU\ԋV1dآ\AM\\.\:\\0\\j\"\0l\ƾ.+H\vWb\"R\7q\/\$\(8ZeYW\ł\\.\r\C?F_\r\0Yes7\XenRCJ\r\dk\\{f&\Y\[*\"\wX\B\KFd\Z\\\@\\8)WGe\\j,\\Ƣ\?Y`(\BokPT2Eɭ-\"\2_1%u;+Q\0Q\+A\EZ-f\-\"n\"\0N[]o\KFU/`֎fV\> \\*,,\\\kff\o\GUkg5?k\0V&sV\M\V%}.kS2\\c\\ 0\&ܿI\\ԓ{u=#jm\m\nJ݁\FL.\'\3WE\\.A[\H\u\ j<P~Qv{mPmtK\JP8]\뾢[M-x>\Ɗ\e6\`\Bg\nfU]=2/u\.ZQ,H\`ږwQBֺAr\[S\YXՊ\'49.\\-%\Z\,\\\b\\\\\\V-\"J0?j-\ΊLI\g,8=]ݚ~\rdhM\=0sɋ\X\~Z\0vtE\0\\*\\n\\Mm\\2;][Slku@ZU0ַŞ\[xD7e\SY*J*cP\\rXk/\Mq\06̦\\\Ɵ\N r}\nܗ-R\Plc\\';\ 6*\߶\e\njM\u>Z\XY)dΩo>WL\\E\LQD)̽\22vKK\aV\(^F\\lIrV+B\q\>>\e-M\e\\Z{B\\\\w\,\6i\\o/~>+\\/1[\0B\\N>	(\B\:\@]Lf\u\6픰m\\\~_w\0\]RPG+\N\H ]\kJd\'cX\\E\\\m\n]\\"\Z\0Lao\o\,b\\\]E}\n[4t\\KV5P\\\5\5(\aeެ\\\K\0AR\\R~c\s->d\Z~)\?-&hk\0J8Zhܨ\n,\\))e22-蟘2zr}\Pe{\	޹NF\QLe0\\ނPO\~K\{\\\Y\\a(z\\ډB˯\BWT \=3 \)G!yJvG\%\W:k;D\\L?cul\&0\1[CR|\r\mC|DF\v\n57؃:kW\\\G潅4\(\Z\Zh_L6\@\n/\w\D\8\[O(Z\;\ \Ȥ\-Te\@_B`g\,\|\nz\\aΧ\PM\h\\\#;8\?+F4\\\Z,\!\ ۸ڧ\]\C-UI{`;\3\r\(AϾ\,b\cuWԤ޺\jq+\<.gz[\\\\\,\67\0\R\_\[-/J\Nn(b\\nɱIaUL<ƈ\IU1עv@\qQ\7\ZQ\\n.͖\\"Zj\\\\1\}؀\r*\mY\\0`I\@C!\D\\Fejþl/N\1\'.M\0pQ \\#(Y\Z\[Up5Ee\v\\\0\-\\\>H=\>\\ӘLԕ3ȁ\|\x?Z\w\-0);\YUO\\Dg	:Q\nZ\q̚G\?{L\5tc+\\'\oP|qD\V_]a\ *N>\\GŪ\\0T\^\?7e-\%ЯGb\\\sԽl\0\\\0f:TsfHs,\\0T(OPA\\ה!;g2@\\r_F\\\\*\V\X\\0(\\0@0aRTmкvV\n\#\X\\dSLibƈ\\Z-\q5\\nfnG\1aJpUN#\0Ʃ5+G]Oq\+*;1}\\\7\a\M\0\0n\\r\0\q\\D\\\0\Q\V(\{^\"(g\*/\"\[w\Dwno\W;[OJ\Z</\Z\n\Tl\\[v/JiL~\\cV:ĥ\\.m\\DfY\\(Fݿ%\[\!\ZoW\~9:\\Z\\\\\IJ@t,\n\Vۀ4F5JjbT\\\R\Ψ^\\V\\\"\ͻW\,0wR\\#)\ZK/\0V?\gTJ4\\\\,}\_\rXpLߪG7\Z\\zK\-i\\"e\\R\l\FwZ78phJ+OK Pe:YC\\wZ\\E߻\\R}8`c\'\\7\\\Z?}+.\\÷\\՝\\S!\l/fV\r@jŤq\\rZ\Fv2T r+\0\*l\ǵ^r\6C;@&+~pa\W&h9^]\٪gҕ]UA\r\BQe\\!\\;\rʾ.]m0C\3T1@\fv\\0\\C\\(\|Y^`)}ĭAȌb\\\Qk\\@|!M\\\\gԵ[?t\YKm2+Nw \\\\Q0j\\\eho^(\%\2\Z[Jb9R\Z+\r\\\h\Zln\"ǅcr\dO\\Q }G,tzIZ]h?pH\W\\Q@;x4N%j\	zY]8\\&뾢P<D\^\0\d=~\\\\\4<զW\ 3p-\B\c>\ј\nbWZq*\\K/p\kld\&T\'+\{avE\E(\\Zy͋^T\D\ii\0n\0,23v0RT{eV\굇P\\peM()+\YB{ 	ZGop(~k\I/wnݢ66\n!\YzuoPi\x@(\ڛ\\\?\n<%S50=AZ3|3e\\\A>\0[Kr]\\D]pa%6\m\\0IˈIhiQ]sVETx\-\\0\"ܖ\\^\̶~\#b\\]\\ZtDW\#V@(D\AT\\	\\f1lŖ\\\(@I]Omp\[LZvжeX;DLAnKW|\\E`\\r1\4WPLexF#\(\\hb\7J1T\(^2\\"o:2\L\\ZR~(}Evw\\V\'2YqO\Br(ٯY\0\k%\0p\\T\\2\&\^񡊨H˂R\4s/\9T!\\E,oz uj0ȴ\"~b\\R|\D&\مչ}V\\\=7ӂ?c\h\\SMV\UHze\\h+	Z\nyZB̠c.\\n\\Z֖l\+5z^Z\nL@)\!{1쒧\rUdTW{\>(\\8)=t%l\(E\\\ڎoܭ!Kk5p\\{z\Ů@Z6Fo\7jPu\\Z%\\eW\D\\'\n\c\(\^=J\\t=\-\ΰ\\E7\cN/#`CdCk\d\\\\\j\o3k\Z\ܗ	ތ64\s\Z\Z `b0ZAh\\\j⣿1>\Wj\Q`\x:\V9\\R7R=\d֒t\"Sh\nW\Vmj1\0\n\0\P\0䑬-\tY!65Ң>XSEEیcf\Q\nJ\4\ŞI\'\IaU\V9=al#\5#w7\r7i\7\Rc*\kC\G5\"3ģ8,\\d\֨\FxV\fMJƌFBW\"\]\r.+\!\5<rA\@UƊqT̊\j\ɞ\-KR_eZ\?d-\'E\S-\Zx\ʷHjW5{U4Ը2h_7+\;\\)}S,XւlJM\21 %^bxj(\i^	y\B\yM\UJ҄}\'I\)\}\\0/	J\0%f\\ϢF\Z\{\"\Hht9D]`QB\.\\M\\?\\rr^m\XՑJR\1u,P``l\6\Z\ejM\T(\nȰ\\+*\\\mRjЃk,\r\\0\J\\\\\4\l]W\\SQ\\77\=J\;\]\J\\R\	\\Z]a/	oP\6wR\	Q`[%\*\,*˳O\)o,e_Z\׊^4(\X-\\@ä|\ bzQVX۱V(;\\U\\\ԧm8\m2r\j-\|Dh\rH4\\\\<Q.\\9=\@Vl [\\\r\z\E UXcRGx5.d>\\\\"\ZJ2)pt,z\\L\r\\'q,\J=c-*72^Mj2ii萧Us\0\\1\0ޒ6]Z\L>ރ\c-f\n/\\D-L4I\&\A\ޯB\)ʳn:S\\\5`3p+^\\\"*2Gj	\b|\F]\n^XBGpp1\\LZO¢\rN0c.\h(.\\\f+\]67,õTPҁ\̮\0Y`i8]Q-hg>\sZ\溌*\*AƧDT#\n\\7\\]}g\'V%wc,QL\r\nӽԺ\\0\FMf\\YBP.\h\ظL C5\\h0̡\\p\Q\zD0ivک6KT\fXIӹkt\El*R\\R\4TN=\ZP\lr\\H\o\\5u(;p	S\XQTB\K@PtǻҵP	t10\\\\B0\\Z\%2<WПU}5⾫cxk?}~7*\ƪ\rhxmN,T\\ޕ\\Wd\\"\%\-T\\HhP[cb\0\\Oʸo\b\	(I\$5-J\\\U\rZ9Jϱe\\l\De(eE\0Yn\Z7\!\/\Q\no\,\ZZAԟ\\Z\k\D|Z:\4@RҺ\\r\Zb*f\9\@yF\֫W\52\\	Rߋx[_\*U\",^rj_(V0A r\+\\r@sX:\r\rD[92Z\n쫚\l\g\GEf!\KQn\\Z:\開\n\O{w)ZkXaPBզ\\\O06ppL\(FJY\[5[2\\t߃V\fYf3id\0\E\^а9\Q\\\\r0\Pf߈\\0%\\\"[>\|E\0\/\Qȓ;\-\n\n\o\]D\UV\$\0i\nƖF\\*4/\12\"\eʋ\'\Ţk1h.9\ik\0q:DB\	7@T\V\n\H\\SvG\\9)C4ݩt6\%M&\\\с\<{PiZP`\֪ 5hH\r\B\ \'d@{\"S+.T\	\CQp*K~\"__\*YO\072\\l/\\\&\ۣ\\Wih\G\1j\n\\ɗ\[/Jh8tC7 tЏ$8#\X\u)K[mG\Z\ni\U\TCg\$@PMSUpF\SE\n/wn\~uTI\n\QZS1.\"1\\nAa\r֣B;)\r\Վ*\0zQe\:\? <\r\\_\\\G\\C\}~|\0Eq:;!4nТD\\Fn\\r\r\Zð\fPyŨ8\X\0[(n/\\,W\b\\\%Usc^~Д;l1\\\Q\\0\=j\\\07³\\Y\2\6\,F\"\Y5\n\\ZOqI,ॣ8`\rKb\OfH\u:*\g\sq1\	>:K\\k\\"M\ax`{\R|\k\iʹ&hhn]պ=4(XXq1\(h+\=/a+\\ښ*V\\>Lb\\1̑.f\K}f2>Ѯ!@[=9%\+zIocj\Z+Ch)\\Z3n8D]QR\\;6W*\~\\eC\7,J<7_\^\,njb,e\\\?\W\GjE**j\,wO=ΠP[)\k^H\P\yV\w쁫\\/ ̃K_ipaZV2-*\pCD[εQH:kP0\3\noX\\],hL\\ca\\\=/Wr\ڴ?3\\3y*] JT\0 0x.+\0!H\'\ ިضQR^\"j5Sم-o\\Lz>lv㖥\0U\l=,\d\J@F%.\\Ň99^{	v,RZQFn,\\ڡVJycXS\9WZW\bC&=^˱\T-*02\F!,O9\;9<\'@&Hx@\W\s/\\1H\X,\'F!\\bUa\\B]	f5\\H\1Mi3s\ktYVŭҗ\J,kR\\?2\\06\W\rGeDp4k4~\ZeA.K5\ॠY-$Uo\\nnKq\ʁe\y\i\ƫ6Um\=,\Ԯʻ<\5\\7\7\>_i\\=\C{ͤ\#ACv7]@\0cwFq\WHiN \gV\}H/VQ4Ϊ4\n\!h+UyqleQEC\3Ql(\̭t#uM N\d%\\\\\Z25]!K҄\2;\0`*N@@l\L;$Q\JeR\N$\4\߂\\!l?ϋbG\\rDs/ND@&\唢Fsʖ\爈?.\씖,_Pr/yTKx@ढ)ApG[&hmNm\0^\D\^}\G\\r*} QdGQt\~\Zř\Z\*$+ߡ\ZT\\u(_0+\M\\\W\\3<OQE\)L\\\zE=0|\\QWX\fcAUw\ca݋PHhC\0J2h/^7l)٣9\V9X\\%zaJ-%\nZ`n\ԫֆ\ 42@1B~\yYEG2\\0Z\:opa\\k#\0\G(;aDX\\w肣Z\,\\3#>,-\ʈXl\)0L\<Գ\x|ׇРV-\VCZB\(Ph9K\Y%\NJWD,k\\\k\֮\\\D\\f\n+u0\"\6\0s4\\\1^\e~\lDt\,.\\Z\mf\{%ؕ֌xc\ķ\m\g\YNDNn\Lj`әS~(\BG\l_[<\}r\\1\[J\0/\ͱz35u=ah\0Ej\7Q\0EKwe1\\\u\\\kj\NaV\n\j+\	(+g\!\^\)l}\n+\Ix3,\r_x\q\,U@@\r\\\ifв<#\\\\P\$L \ǂ\7X\1Py\UZ\)ç\ZI~Hx\09UYۨD\(`\,1Jj\fF\<\f3\\pIygA\,׳\,nXG\$/8\nL}Dp6c_M@Fwf\\0P[\c[GhW\!X-]+OqM\YX+\%^ @*ȝ\Pc\lAI\p|\cJ/fM\z\\VDlLg~f!P{#\?dC.\\`\@{\-aeBwI-tl[J4!ͳlr\Zc\<\r[t=Q`V>J\\]\\#ev7ĵ\H˶\ũ\ZP%\[\җIcJ&z.\\n\\2wD݆B\7IBz\Q2J!j\46K梾 D\Zc	tW0@\OS>).}di蘕\\o-\\\S9x97*\Yg,XJ\ϲ\ZB\Z#	Ɠ\<B\\IDEV!Ȕg\%3\\:5Mf2\\42\\p\R\1\ݛ\q\c\'C/\Ի\Ll\f\\DTa\\x\e}\`Ɋ\KR\6\\\r{مV%J5-Lpj⶝\)la9A*Wkɟ(#\\\it˶2\\QlOESE\\\M\mZ\RǤ\r2!ܴ\up(K\\$M+y\v\"ޏ\,Vڷ-f\03]GKSEW1	Ku_i-8g\\}\\0\\\e`\ \6\\[t\p (r~\nx\"\FK\`[c\>UD2fajt\ɂB2{i\=\ <]nbTK;\dւZ\\J*\'R\\~ї,!v^\HK6?,N`=\r\"\IҞ\Ǹ*\|v\\nËK/\"6\$\,lT	93@\Z]A=\\\U\\knN42\>87\nn_[\H\G!dT\w;$&ETӥLXuMӎ~\g\fZ\J]Ez\`ͪGAlS\~	@C\(_V+BȭG,=M!\Wq2H\dtޒ\rj)^\ݣZ-]\\Ux&\\~[{\'\\_kO\;ywxvb	L l\\0\4$4^\Tݕ\*:3!\\\rŪ\"pZEz+K͏\\RD\rd\2\ɉ%\lŠ.\"\r\Ĥ\0k?zAQ\9	P%\Zs\0; 6(0k->007*տh\T\\r/\q\Z.ȉ6w5\Q\UǂL\n\n62S\ES\\}\\\\S\1+\GA\Z\6YfRTT\"\yM=a\\QH0\\$\.߼h ]J*XST\&Ë\ɑ	T\0V\feYb+\\ni\F\TL;Dnn\QD\34XD\6\#F\r\][\lĕ\.\V11pVGDa\Y~c\\\'dn\n;%հ\9-T\\ƣh5;q^U\rT\0\Kef\\' AWrYA\0ܦGQd4\r□3Ɩ\\\EP\WQfn+Z	q41m\rĦb\5[\J(ՒIl\0wd\JQUS!\*P7V78Ԫ\8?50D\Sr\s\~\u\\r\'1&H=ErPr\i1	\\\MY\\0ef\S1\\\\V\G`j桩@|/sl3	#\\\0H\"L\n!1(\\\YQT\ZkPۀK;\\dN{QF\\!\Rz\A/F#K+Q\sEP]CЁ\\5PcCx+\DâZ\\C$!\Z(i)|\Ea=<\f\^&94˴\Q۩,\"-\\Zq\\cPc\G)\.\K\ÌڇZᘲtaʥnTÔlj>@\"\[\ʆ\\\\	J89\Z4Kh\DļQֺ,\hEx\%\\%B\0\\L|\wR+\\J4	Ab\\E\05^}\\[00\0\\Lj\n\\1Oi\aC!Uķ0\ZeGZD\Si\Ṷ@-`a\	q0{#\sºD\JQ+6\\"\Cs\<$\t#\f?\\0@\0\0\0\0\0\0!1AQ\"q 02aBRb\@Cr#3S$Pd\\0?\0\`8Xp\|\X+`V\nX+`V\nX+ea\و6=9Ix66~$&=hsH 8[\r3w\",\\>5ugV\n>y\\\r?\\7&\?\0\\L-||{!\:kK\0\\\5q:!&X\\yJ+[\mW\b쬕\\rs@\u\ʱ\0QJN\i	!\>h\\\r\s\\00]\`\J7鴒\\en,\'9u\p\bl\cƏa;\\\\T\\0\3\\\\\hIc	AY*؃ݶ(GCTT\\PS\_\=\W#Q!\];\!4\\IwSIu\r!\By\Bgu\0A\)2\|{H\T+N|5R[c\uE\\'\\6Gߏ*.@\<Ǳ\OhTϳhi\\tEFA\w\Z+ҜC\	d\\\gJ>\l6\9&\52x\\\8X~%S\\a}Ў,/d\\\\_\M3M|w?\\$\S\Z*/.Q`	\'`2-}U${\\0[bPn\0C̡4n\)7em;\msw\ג\eB\6g3y-v2\׾\\34no*\Jpw.y@\.gE\:QP@<-\ZǐR\AGx雭y\\O,J\W\z!\E\\\\;&:OV^CewQ\	=\\\g\r\0lM}\\`\>+G%\\	|1(8J\s\Je##n\\P\HI\\\ӆE؉<\k,\|\n9n]d\\;}t	\JtMͭף^ y\1?S=Bc\\\ߩakԠPqB&\鎸T5P\F__Bu\\(\zs\nG7(\0~\Ecr@\\Ct\h\Zue\\"\1o \⾱Ut1\5\\\j<袑Gؗj\#g\gF3\n\rP@\T94&;Tҁ	Q8\,SQ\o޵\ɺ_\Z\Ya\R\v;\V\\G;\1Ů^et\QN\<6\\\fD*Bē\l5\:2ό窙\!p lW-}_np`\{\ϔ\X\\\ǑS\\SER\\&?%ö	t@\]/j\m\\\w\x\Fh,ʦ\r\'Ȫif|3FcŤXBic~+\k:jTM\Y9э\ҡ&x	q$[bc@p#\Z\&\>/u;\ZT5\\F#mO\\\`\VD\\{<l3mj\"\844\)\VK5mLPB3>G\0\hb\hf7Sԝϱ\;9cZv\\\5\\\O$\\S3Q\Y\0`{\޵;bJc*Hx\rҷ\myMq4=\F	\\"&= \9Ů\e;v\lMhS\\;UJd\⅛\4Y0 1Giqq\0\\-\\\wjnt\\;n\\Xt`V\'\k0яF{3}\bI\,\!\S,\ZS\jp\\\\.\\Q\\lptgQ˪=0\U5ϥ\Z|Զ\L\&CEU_3!\=\4ٮ\C5\ZJ>Q|~>\NJ\82\Zÿ\릦aw\ò I\\ߢX{ΰVgD\DPOc\Z\_qFNPlE\\\\\'0\\'t\(\\\W#\UKt:\5\\\\;:\Z\)WLi+\0+g-A>\|O\0\"\\۹\g\aqWaJ#hX\\\sԄ\_A\KHǔ6R:[*c\\\obn\{\	G|d\\\0@\\\d\9kZM6~S`:\\\Cw$T]\\ь\\+OMOJ\bdm\\\hx \(\\\h覉ε<i\\sgu\\y\\F\m\rSg4E:;E\\/F\a}\,qsa`/y9\Zmeac\c\\|r\xT{3ǵ\C.^9)鮩\\\F\'\?O}`\\\'\P\Si\\,r+8v)\\0?gm\G\a\p7w\'\w<G=\Y[OCy+\s+\\1b3	\\'0\@nlۀ.*8@%\4O)1E\RLdawBq\\1\0Ϻ\*|B\\4xgF<~t=A\+\*+\d\\Uutҙ%:F\\nz\ݎMp:\9.	\\`\w0\g8T\i\\~h\'\#\\Z\\9eM\\f/UK\<\F<\U=u-O Cr\\r\+\ԛ*\\R\v\+\f3V\>R\\%?{V\'\0\2\Ӡ\\\2;#{O O4\e-Hi\U-73n<-Ԡ\"\\\|AL\\\Sbp\6RGC<^\Z\'\0C\Mm5#o+<\\\Ln\\0}㫕MTӒ\$s\\h\\*qS	g0n\Є\\\ ҟ+\\Zt\To%6$!,k1t+Ңb\Z\3ns$\8J*gf\rfal1\D8S^%bdZ\qq,lExȸпSN	qq\'DWT\\4\"=\'\\n6\n#ǚ(ҖX#.\G~\Z\\ǋJ		2bc`8\8L\:ܞ\\q̺,\nڭWV\"\hT.qջ_d\$L򲎊I.m\0f\\eP\\4V\\^\!\\u\\z\Z{\6j\)E\rO7-n\\xz\p4y&t#D?Xd\ri\\\O|\\\0<.6\\4McŁ@h\\\<\no\\7\=\n2\&C$f4G\wT\\\\p\dB(v\\ިO\\SIcRj6*R[\\6H\fTTE7w|Cǒo\0\\?\AS\j\0t\'\\\\0A\0\0\0\0\0!1AQa \"q2R0Bb#3Cr\S@d\\0?\0\YVUeY\\W\ug\\W\\*ʳ\Y=՞\\ueY=ՕeYVU[i\r\H*iRJ\ka\^\ *\[iR{\*U\n*\{\V\Tߥ[-b[_\\P\8\E\\\\;M1\{K\\\CAl:\oi8Szwʂ\_?恧[W\ūk\\o ִ\0\0\<!k3\E1_`Ѯ&\rBZ\\]fN\.C\lz\0SL\2cwcq0h{\W[Ыa^\|.\2[4\\y\e/m<\&sG\n0\0\ݕ\0âS`\\o?&0\,y9\\xKۥ|E`w\\\J\\n6&6C7G\f\ٮ\t1\\\sP\\<\n8`qǔÜoRVð*DxY\\\$hń\:Ndz5a}iלO\qXбEw7|ڏNď\EkF:~K\g\F&bgV~K\e}_\{;;~Kٛ\~ٙ\/gt^\\-\?%\\0c/-L,yIo\6\_O\12\\0^#\4\\.s\\./F\xJ1zl{\u:\84ty=Xkv(2Ќ@JC0<Ab纼\\;\"+T\Gt)<tD9|\\tZ\ÇN\=\VϢjb\noi\}\B׆4\\Z\<;\oO\0A5ɑ&\IS`B&\\\\0u@\v \\8~%E\\͌`%\\\\.}\\0Wβ	\)\\\d\|RAFºD4\\?I\-\\6\Z><y\mm0·\e\66\R$#\I\0\\)d7\֎c\˗&I\|9@\0L\`F׵\1[EW%\\ǐ椋*?\#kagiu\tԸ\2\F\6a\[jH\\*\{VE@\\\cm\澋\gQG\1\)&\&S\i8\r4:솳	\pRQxܺew\K\0^\Z\e\nvQ\.Ft\'*\+8\v*H\C^\\ӣ\h\"\\8\\Ej\zA!\\\*\m\\\\Lߣ-ݰ)$Vxk\g\Zg\r<{)\\0\;7~K\i>Y)-\0gZFnl\syQ#{\Z~|O0\mi\\\i&\\>dL\\"B\\ZC9\\ͦJ\|M\p۲\Nj-6\R/e?j2_\9\\0]V\\h\S\\-;+?,y②\p\\n\0.5\=9җJ\0\o\\!&q\9^\#.m8X\\"ʗd\Z\Oh|\ \Zo1kk\uZ\\Μl!K\c4B\x\\m6F$s@9y\cB\=۶\0)c,<Jp\ʙ}&ꍏMa\w\'[\}\\oL17{s\o\n>n<yX\4\(\y\$ׅl\0G;\c\|N\\pލp	\\\øQ`\?7z(,P\^u)\)`nt\\(<\\l\rK\BdGMǕ:BGR\b\l.0j\\\2w\0L\};ln\A\VMj3\K\WXo\h\\6~<Wjk\~.6Ŏ\0=\]\-kb\ɮ0Hi\\<\;\\p-H0\\ \\Ȉ\\\͗\\C+6Ye%>)w\۸re\4֛%`|ctuL,\,\\\㙌\N\"֓ ʐ\iF\IY{NTNuT\n|\rk[nq4\0J]d63\O1\h\F\\$ȅ#kz^\Y$f:Hi\z=i=\Z\?٥?\\MȦJ89R\Zm\0R\r\A+\Z\0^\[\\\?%4dMax\poCԎKr \0fW =TZ\\\T@,9}f\c,S\\S\;e\\uw-}\\\>\;\!\'kQ\0\g\e\ȣo78C^/\N\b\\C.N\\h\\V\3\:Α^ə#\Z?p\)37[ѱ3,\ɨr{y\(D\\HT\\6h1\\\'n\\D\T\{\\e:\o\Gf3\p\\06Y\\<7\\Ѹ}H\n\b^>N\0\s\0T״;X\$\Z?QӢ2\d\W5kJ~8tZ\\G&Oԭ_\\\̏;:wHu\Fo؍\24o\Z12JΖ\M>m\}9$W5 2P6\'\$Q\\B\\kx\n\pM\\\\	\	\w~\!Iѳu\$[8qQk\,N\N\p$q%\\\hq\"r\\Mky\Gfx-m\i\3ed\efHdȚIy\.?;H6m\ENy\0\i\\?\sT\X\\\\\nI\#8FR\i nӎN8<]Bf\\|f0G0Y\˧榒6\8GF\M\0\0^-\Ou[Q\э\0jGi,\`@lND:Y\[$2	\0\x_ȩe\yo1iOqkA\E\'>棈:Grk,&9\(\Z\ǩ$os\c2HI\[\۫\Y\s$o;i\Z1\\b\\;IN\r9P6h^\\\\d<ۜJo\ywmyi\'Ӂ&ݔ\77\|v7Z>\Z\\'}\\^E!7Z4A\\e\\olk1\\\41rqSC$gFӰ\\ \:=\!oO\-3M\\ 87y+\nDǶ򑥦S\\ktw\>\\IN\k#$	63ˡ\KQO#\܊o%$Q\\״8`/\\FEgkv|+;qw\\\00t\/\b;hq\')\Dz4ZӼ=;*F\ޭ\\+N\\0\r\0U^CO\\\"yx\O$eM\j\I\\ͨq&\cZl\G\0\\\\\\\\?\rJ+}\nHA\@賴\r;(v}\'Zrp!\~t\E\Eë4}\Ln3_\L\>L,|VE#h\ѵ\M\VpDKH\C7\\\sLǍ8轂g{+B3W\X}^{|ɀ@aBD\ƍŭy8\X\\id\;\"R}ðEP\n\\Ӛ\,|n>vV+)\\\\l(Z\\4-c\GZƴ5hCguD\'.t\n{|\l\:\梙Ŵ\+a\'\\4\\s\h\q;eee:sك\v#k\\n1o|q\\M$m΃\n\d2\8\TLi\4T*\\i\{\	\0OʆV\o\J}SCe\I\w\ɨG)O%I\UNQ\@ҿꙄ;s}8h\n\  G4jm&\\W5]ޮJѫw\N\GaF\5j\	S8\ A\\r8A)ӝ\r@ML\n<)OdJ+\J.\\&ʿth\ҝ>\8n\\\0X\\ʆ\\#hƀ>\:\}O\nD Q4\\IA\<?xl	<R\=B\\N\P^\0\x\_\((~C\l\tA;\7\G\\oD63\\S?rG\\'),(32,'Oubelkacem','Ali','Professeur','oubelkacem@gmail.com','123456',_binary '\\zExif\0\0MM\0*\0\0\0\0\0\0\0\0\0\0\0\Z\0\0\0\0\0\0\0b\0\0\0\0\0\0\0j(\0\0\0\0\0\0\01\0\0\0\0\0\0\0r2\0\0\0\0\0\0\0i\0\0\0\0\0\0\0\0\0\0\\0-\\0\0\'\0-\\0\0\'Adobe Photoshop CS6 (Windows)\02017:12:08 00:23:52\0\0\0\0\0\0\0\0\0\0\0\0\0\0\0Ƞ\0\0\0\0\0\0\0\\0\0\0\0\0\0\0\0\0\0\0\0\0\0\Z\0\0\0\0\0\0\0\0\0\0\0\0&(\0\0\0\0\0\0\0\0\0\0\0\0\0.\0\0\0\0\0\0D\0\0\0\0\0\0\0H\0\0\0\0\0\0H\0\0\0\\\0Adobe_CM\0\\0Adobe\0d\0\0\0\\0\0			\n\r\r\r\0\0\0\"\0\\0\0\n\?\0\0\0\0\0\0\0\0\0\0	\n\0\0\0\0\0\0\0\0\0	\n\03\0!1AQa\"q2B#$Rb34r\C%S\cs5&DTdE£t6\U\e\\u\F\'\\\\\\Vfv\\\7GWgw\\\\05\0!1AQaq\"2B#R\3$b\rCScs4%&5\\DTdEU6te\\\u\F\\\\\\Vfv\\\\'7GWgw\\\0\0\0?\0ĒI%)$IJI$\S	)PR\0@SmD:bˎ\#\J@c_Oɱ³\0s2ޙ\\\Y-:~\ȥ\0oџ\\\\1J\َc]sϸ\og\{\Wp\{m?\#z\\i,vl-سV\\a`\Z\\>-w\DI-_[\0KI\Z}\d\'-N%)$IJI$S\ĒI%)$\J\\1ā|JU\;\?ށH@\'HDiۣ\\'cl\\\\\0o\\\\>\sPKc)\6~\)Z\\\ƒus\'[\\\ث\6cdo mTm\\hn29\\\0\nJ;Lg\n\\΄\'fN`.\)I\\5\~gs\\\jis\>*Ϣ,\G\pt΄\{\xZ\7q>iXQ[	\Z\g4\rS\$I\nI$S\ĒI%):I$u7q˥\]-WΥ\XX\U\]UF\\$8\05\C\\\6\	d\n\.\1sxv\\0kIfg\\\\l.v\:aګ\\\n\\)=\4:\'q#\R}o\<<#Jںmef;\izF\$\0SdF\F0t\\\%\rpUc\Z\\\Ɵ\tٌha ,\\(\\mo\hHUv6A\\0\\\\B,fy3&\\L2{\ZI$\0\ĒI%.I$\Nv\\\\+\:54<C%\Hyc\(r|W\q\+U5T\,Sƀ\Ǐp0F\Ğ\9j=W\a\9-GGn⅐浄\\\\\\\y&F[\\*|\Z1\\nrED\8D[\'ϿٵcJ\g<CVgV)ƲI$\ĒI%.I$\|\27<Z\'\\\t{4T\02\sp2ql\]\?\-N\\\C\k\\'ArKqٱ\"A ]Οa\KB\n\PZ\ia$A\fus\u\\5L\\0EN\ns\\ rA墇\lLܯ;\\7WkEo\	~en\rs\\\\\Ku0\u\X$8)TXl.i\'\\	YXzOO{Kwir33\\i\r	F6Ξ\\\\`U\I\by\\yĴ\\$H\	}n{wjԍծq\\\vb,n\\$\\@T:1:\\\ȷ\\n;\\;\t\n@\E\I$NcY$IO\ĒI%.I\ǽis\0r\^V۫\5\zV0@.d[]k\˜<\.o\\U\Z\0;6N\\ˣR{Hp\(2\rKo\	լl|@\o\.E\\\|9ۅ\t.{~\q.acd\Q\r\5\BddGU҈;y^^?\\\\"]h\r\o-:0\Ɔ4׏?\ZOhc\%\B\E\h2\Zu?]ҜQskmnJ\*Xʅ\u2#YͿAj}f\vK&Y\hOZ\i\0\D^\:~#1,qà\7OA{\\\'hѢ{1<j\uG6j\hx\Zq\\0ٵ\\MX\\>\\\\\8\.\\\\\ZLG\RǣI\',I$\ĒI%3.V%\0շ\\4îp-G\j~K10`%xi\ƛ\j&~H\\\\8A,_\ZN\0(!\N\ZX\~z龭AvCbr\mn~7^R$t̘\rnm\\\Z\nӪ\\0\mX\jU\`\\ƻg\~\:kb\\\uЌ\i\\\r_\rl\:\\\>\r\"4C\\i!!\IC\Smc\uq	wvwtgc TEt4\s\r~\\p\\܇FI\\Teq\X\\-\\?@g];d\>HEY%\ɲ7u\J\\{\\\Zo?\Q?~C-i\"\n\Í|\\[h\b\:\0\\&0\\9y\r5s\lͬmgq?%:y\zX\ѹ\rGR\.\q\\G%.\\0#][]1\\\0\0\0	(\\4\t\b,z:ݙ}I\~\wǟ\QS\v\ch%\\k\\~\\r\Z{1\6$E@4At(p:Υ\<sZvs=\'\}\\w\Z#\0է>4:w\r~zJ(ѦebÝo^­\\\-h<\\~r~c.;X\yôcV\UcS\\l\I[\A}Mkƣ\x{.\'\'\v4S+g/\׸|\\\mx\{L{n\-#\em&PA~9\;Z\|k\>-3\\fbFRۭV\\\\!W\{\\Z0ch}\#OA\\\xs\\9>JX\\n-\\c⦈ב\XfQ\hy\0hՁ]\stv\\9m]A\\\nh\[M\H\Z0\+\ſ\q\6#.x\\loNw]A\T[\-6\D .\5;\Ƌo7\\0vYսE\M\\?7G\Z\\\Z,scN}PW\}*̗u\\1+?k\?W+\\1},q6\\uh?\\,Ӳ\mlo\9Y\\5\}\\Z\Z\㫋\%5\[\f\\\\kƁ͝\Z\\cu\z/n\\0\'\ZSC1\\4gU\y/\úĎ1&6{l{\jΛ\\Lnv\\1.9?#x\ri.\\wAí\mv\ZD\\#N\U\\:,u\\\\\r\\,޼-xyxIQz]g\'\`_qsHg%}\\\2O<J1	HT\\1\\d\ZUWb\7<lFxc+ѝ[M\\\78D\q-\\\OU\rU\4<Kx\Ha\'kX{V{\\Ǟ]cɟ\W3\̀\¦W\\\tM<1\-pGJŮ\r\\-\0*Օ\Z\@\k\YV״:\\7\\>\T~\ض\\~f\\lQeU+<L{Y\c6\\zvN6M^zx\\0-\\\\X`\\Sj\p54\']?Kw\7\Xhv\g4c\\hfF\0\_\\}*Ϧ\0tOC\\\R̶K\}ѓ\\`486\8o\#:4?\\W ķ!!(\~ \r\=\F\r<iSLƇ,\q$D|V\/8\0Tg^Tm\\J\\O:iA(R\@\@U\	\^\Z\'FXJ\\ͭ\\\\7P\\\e\\Z=\jGXa``\=_\\ʅx;\'\\0%\'uScÇ4Euw]\\\E:Ot- (5F\p\i-\\gy\\";V\0\\Photoshop 3.0\08BIM%\0\0\0\0\0\0\0\0\0\0\0\0\0\0\0\0\0\0\0\0\08BIM:\0\0\0\0\0\\0\0\0\0\0\0\0\0\0\0\0printOutput\0\0\0\0\0\0\0PstSbool\0\0\0\0Inteenum\0\0\0\0Inte\0\0\0\0Clrm\0\0\0printSixteenBitbool\0\0\0\0printerNameTEXT\0\0\0\0\0\0\0\0printProofSetupObjc\0\0\0\0P\0r\0o\0o\0f\0 \0S\0e\0t\0u\0p\0\0\0\0\0\nproofSetup\0\0\0\0\0\0\0Bltnenum\0\0\0builtinProof\0\0\0	proofCMYK\08BIM;\0\0\0\0-\0\0\0\0\0\0\0\0\0\0\0printOutputOptions\0\0\0\0\0\0\0Cptnbool\0\0\0\0\0Clbrbool\0\0\0\0\0RgsMbool\0\0\0\0\0CrnCbool\0\0\0\0\0CntCbool\0\0\0\0\0Lblsbool\0\0\0\0\0Ngtvbool\0\0\0\0\0EmlDbool\0\0\0\0\0Intrbool\0\0\0\0\0BckgObjc\0\0\0\0\0\0\0\0\0RGBC\0\0\0\0\0\0\0Rd  doub@o\\0\0\0\0\0\0\0\0\0Grn doub@o\\0\0\0\0\0\0\0\0\0Bl  doub@o\\0\0\0\0\0\0\0\0\0BrdTUntF#Rlt\0\0\0\0\0\0\0\0\0\0\0\0Bld UntF#Rlt\0\0\0\0\0\0\0\0\0\0\0\0RsltUntF#Pxl@r\0\0\0\0\0\0\0\0\nvectorDatabool\0\0\0\0PgPsenum\0\0\0\0PgPs\0\0\0\0PgPC\0\0\0\0LeftUntF#Rlt\0\0\0\0\0\0\0\0\0\0\0\0Top UntF#Rlt\0\0\0\0\0\0\0\0\0\0\0\0Scl UntF#Prc@Y\0\0\0\0\0\0\0\0\0cropWhenPrintingbool\0\0\0\0cropRectBottomlong\0\0\0\0\0\0\0cropRectLeftlong\0\0\0\0\0\0\0\rcropRectRightlong\0\0\0\0\0\0\0cropRectToplong\0\0\0\0\08BIM\\0\0\0\0\0,\0\0\0\0,\0\0\0\08BIM&\0\0\0\0\0\0\0\0\0\0\0\0\0\0\0?\0\08BIM\r\0\0\0\0\0\0\0\0x8BIM\0\0\0\0\0\0\0\08BIM\0\0\0\0\0	\0\0\0\0\0\0\0\0\08BIM\'\0\0\0\0\0\n\0\0\0\0\0\0\0\08BIM\0\0\0\0\0H\0/ff\0\0lff\0\0\0\0\0\0\0/ff\0\0\0\0\0\0\0\0\02\0\0\0\0Z\0\0\0\0\0\0\0\0\05\0\0\0\0-\0\0\0\0\0\0\0\08BIM\0\0\0\0\0p\0\0\\0\0\0\0\\0\0\0\0\\0\0\0\0\\0\08BIM\0\0\0\0\0\0\08BIM\0\0\0\0\0\0\0\0\0\0\0\0\08BIM0\0\0\0\0\08BIM-\0\0\0\0\0\0\0\0\08BIM\0\0\0\0\0\0\0\0\0\0@\0\0@\0\0\0\08BIM\0\0\0\0\0\0\0\0\08BIM\Z\0\0\0\0I\0\0\0\0\0\0\0\0\0\0\0\0\0\0\\0\0\0\\0\0\0\n\0U\0n\0t\0i\0t\0l\0e\0d\0-\01\0\0\0\0\0\0\0\0\0\0\0\0\0\0\0\0\0\0\0\0\0\0\0\0\0\0\0\0\0\0\0\0\0\\0\0\0\\0\0\0\0\0\0\0\0\0\0\0\0\0\0\0\0\0\0\0\0\0\0\0\0\0\0\0\0\0\0\0\0\0\0\0\0\0\0\0\0\0\0\0\0null\0\0\0\0\0\0boundsObjc\0\0\0\0\0\0\0\0\0Rct1\0\0\0\0\0\0\0Top long\0\0\0\0\0\0\0\0Leftlong\0\0\0\0\0\0\0\0Btomlong\0\0\0\\0\0\0\0Rghtlong\0\0\0\\0\0\0slicesVlLs\0\0\0Objc\0\0\0\0\0\0\0\0slice\0\0\0\0\0\0sliceIDlong\0\0\0\0\0\0\0groupIDlong\0\0\0\0\0\0\0originenum\0\0\0ESliceOrigin\0\0\0\rautoGenerated\0\0\0\0Typeenum\0\0\0\nESliceType\0\0\0\0Img \0\0\0boundsObjc\0\0\0\0\0\0\0\0\0Rct1\0\0\0\0\0\0\0Top long\0\0\0\0\0\0\0\0Leftlong\0\0\0\0\0\0\0\0Btomlong\0\0\0\\0\0\0\0Rghtlong\0\0\0\\0\0\0urlTEXT\0\0\0\0\0\0\0\0\0nullTEXT\0\0\0\0\0\0\0\0\0MsgeTEXT\0\0\0\0\0\0\0\0altTagTEXT\0\0\0\0\0\0\0\0cellTextIsHTMLbool\0\0\0cellTextTEXT\0\0\0\0\0\0\0\0	horzAlignenum\0\0\0ESliceHorzAlign\0\0\0default\0\0\0	vertAlignenum\0\0\0ESliceVertAlign\0\0\0default\0\0\0bgColorTypeenum\0\0\0ESliceBGColorType\0\0\0\0None\0\0\0	topOutsetlong\0\0\0\0\0\0\0\nleftOutsetlong\0\0\0\0\0\0\0bottomOutsetlong\0\0\0\0\0\0\0rightOutsetlong\0\0\0\0\08BIM(\0\0\0\0\0\0\0\0?\0\0\0\0\0\08BIM\0\0\0\0\0\08BIM\0\0\0\0\0\0\0\08BIM\0\0\0\0`\0\0\0\0\0\0\0\0\0\0\0\\0,\0\0\0D\0\0\\\0Adobe_CM\0\\0Adobe\0d\0\0\0\\0\0			\n\r\r\r\0\0\0\"\0\\0\0\n\?\0\0\0\0\0\0\0\0\0\0	\n\0\0\0\0\0\0\0\0\0	\n\03\0!1AQa\"q2B#$Rb34r\C%S\cs5&DTdE£t6\U\e\\u\F\'\\\\\\Vfv\\\7GWgw\\\\05\0!1AQaq\"2B#R\3$b\rCScs4%&5\\DTdEU6te\\\u\F\\\\\\Vfv\\\\'7GWgw\\\0\0\0?\0ĒI%)$IJI$\S	)PR\0@SmD:bˎ\#\J@c_Oɱ³\0s2ޙ\\\Y-:~\ȥ\0oџ\\\\1J\َc]sϸ\og\{\Wp\{m?\#z\\i,vl-سV\\a`\Z\\>-w\DI-_[\0KI\Z}\d\'-N%)$IJI$S\ĒI%)$\J\\1ā|JU\;\?ށH@\'HDiۣ\\'cl\\\\\0o\\\\>\sPKc)\6~\)Z\\\ƒus\'[\\\ث\6cdo mTm\\hn29\\\0\nJ;Lg\n\\΄\'fN`.\)I\\5\~gs\\\jis\>*Ϣ,\G\pt΄\{\xZ\7q>iXQ[	\Z\g4\rS\$I\nI$S\ĒI%):I$u7q˥\]-WΥ\XX\U\]UF\\$8\05\C\\\6\	d\n\.\1sxv\\0kIfg\\\\l.v\:aګ\\\n\\)=\4:\'q#\R}o\<<#Jںmef;\izF\$\0SdF\F0t\\\%\rpUc\Z\\\Ɵ\tٌha ,\\(\\mo\hHUv6A\\0\\\\B,fy3&\\L2{\ZI$\0\ĒI%.I$\Nv\\\\+\:54<C%\Hyc\(r|W\q\+U5T\,Sƀ\Ǐp0F\Ğ\9j=W\a\9-GGn⅐浄\\\\\\\y&F[\\*|\Z1\\nrED\8D[\'ϿٵcJ\g<CVgV)ƲI$\ĒI%.I$\|\27<Z\'\\\t{4T\02\sp2ql\]\?\-N\\\C\k\\'ArKqٱ\"A ]Οa\KB\n\PZ\ia$A\fus\u\\5L\\0EN\ns\\ rA墇\lLܯ;\\7WkEo\	~en\rs\\\\\Ku0\u\X$8)TXl.i\'\\	YXzOO{Kwir33\\i\r	F6Ξ\\\\`U\I\by\\yĴ\\$H\	}n{wjԍծq\\\vb,n\\$\\@T:1:\\\ȷ\\n;\\;\t\n@\E\I$NcY$IO\ĒI%.I\ǽis\0r\^V۫\5\zV0@.d[]k\˜<\.o\\U\Z\0;6N\\ˣR{Hp\(2\rKo\	լl|@\o\.E\\\|9ۅ\t.{~\q.acd\Q\r\5\BddGU҈;y^^?\\\\"]h\r\o-:0\Ɔ4׏?\ZOhc\%\B\E\h2\Zu?]ҜQskmnJ\*Xʅ\u2#YͿAj}f\vK&Y\hOZ\i\0\D^\:~#1,qà\7OA{\\\'hѢ{1<j\uG6j\hx\Zq\\0ٵ\\MX\\>\\\\\8\.\\\\\ZLG\RǣI\',I$\ĒI%3.V%\0շ\\4îp-G\j~K10`%xi\ƛ\j&~H\\\\8A,_\ZN\0(!\N\ZX\~z龭AvCbr\mn~7^R$t̘\rnm\\\Z\nӪ\\0\mX\jU\`\\ƻg\~\:kb\\\uЌ\i\\\r_\rl\:\\\>\r\"4C\\i!!\IC\Smc\uq	wvwtgc TEt4\s\r~\\p\\܇FI\\Teq\X\\-\\?@g];d\>HEY%\ɲ7u\J\\{\\\Zo?\Q?~C-i\"\n\Í|\\[h\b\:\0\\&0\\9y\r5s\lͬmgq?%:y\zX\ѹ\rGR\.\q\\G%.\\0#][]1\\\0\0\0	(\\4\t\b,z:ݙ}I\~\wǟ\QS\v\ch%\\k\\~\\r\Z{1\6$E@4At(p:Υ\<sZvs=\'\}\\w\Z#\0է>4:w\r~zJ(ѦebÝo^­\\\-h<\\~r~c.;X\yôcV\UcS\\l\I[\A}Mkƣ\x{.\'\'\v4S+g/\׸|\\\mx\{L{n\-#\em&PA~9\;Z\|k\>-3\\fbFRۭV\\\\!W\{\\Z0ch}\#OA\\\xs\\9>JX\\n-\\c⦈ב\XfQ\hy\0hՁ]\stv\\9m]A\\\nh\[M\H\Z0\+\ſ\q\6#.x\\loNw]A\T[\-6\D .\5;\Ƌo7\\0vYսE\M\\?7G\Z\\\Z,scN}PW\}*̗u\\1+?k\?W+\\1},q6\\uh?\\,Ӳ\mlo\9Y\\5\}\\Z\Z\㫋\%5\[\f\\\\kƁ͝\Z\\cu\z/n\\0\'\ZSC1\\4gU\y/\úĎ1&6{l{\jΛ\\Lnv\\1.9?#x\ri.\\wAí\mv\ZD\\#N\U\\:,u\\\\\r\\,޼-xyxIQz]g\'\`_qsHg%}\\\2O<J1	HT\\1\\d\ZUWb\7<lFxc+ѝ[M\\\78D\q-\\\OU\rU\4<Kx\Ha\'kX{V{\\Ǟ]cɟ\W3\̀\¦W\\\tM<1\-pGJŮ\r\\-\0*Օ\Z\@\k\YV״:\\7\\>\T~\ض\\~f\\lQeU+<L{Y\c6\\zvN6M^zx\\0-\\\\X`\\Sj\p54\']?Kw\7\Xhv\g4c\\hfF\0\_\\}*Ϧ\0tOC\\\R̶K\}ѓ\\`486\8o\#:4?\\W ķ!!(\~ \r\=\F\r<iSLƇ,\q$D|V\/8\0Tg^Tm\\J\\O:iA(R\@\@U\	\^\Z\'FXJ\\ͭ\\\\7P\\\e\\Z=\jGXa``\=_\\ʅx;\'\\0%\'uScÇ4Euw]\\\E:Ot- (5F\p\i-\\gy\\";V\0\8BIM!\0\0\0\0\0U\0\0\0\0\0\0\0A\0d\0o\0b\0e\0 \0P\0h\0o\0t\0o\0s\0h\0o\0p\0\0\0\0A\0d\0o\0b\0e\0 \0P\0h\0o\0t\0o\0s\0h\0o\0p\0 \0C\0S\06\0\0\0\08BIM\0\0\0\0\0\0\0\0\0\0\\rhttp://ns.adobe.com/xap/1.0/\0<?xpacket begin=\"﻿\" id=\"W5M0MpCehiHzreSzNTczkc9d\"?> <x:xmpmeta xmlns:x=\"adobe:ns:meta/\" x:xmptk=\"Adobe XMP Core 5.3-c011 66.145661, 2012/02/06-14:56:27        \"> <rdf:RDF xmlns:rdf=\"http://www.w3.org/1999/02/22-rdf-syntax-ns#\"> <rdf:Description rdf:about=\"\" xmlns:xmp=\"http://ns.adobe.com/xap/1.0/\" xmlns:xmpMM=\"http://ns.adobe.com/xap/1.0/mm/\" xmlns:stEvt=\"http://ns.adobe.com/xap/1.0/sType/ResourceEvent#\" xmlns:dc=\"http://purl.org/dc/elements/1.1/\" xmlns:photoshop=\"http://ns.adobe.com/photoshop/1.0/\" xmp:CreatorTool=\"Adobe Photoshop CS6 (Windows)\" xmp:CreateDate=\"2017-12-08T00:23:52+05:30\" xmp:MetadataDate=\"2017-12-08T00:23:52+05:30\" xmp:ModifyDate=\"2017-12-08T00:23:52+05:30\" xmpMM:InstanceID=\"xmp.iid:DB9177A57FDBE711A517F6E9C5ADBC3D\" xmpMM:DocumentID=\"xmp.did:DA9177A57FDBE711A517F6E9C5ADBC3D\" xmpMM:OriginalDocumentID=\"xmp.did:DA9177A57FDBE711A517F6E9C5ADBC3D\" dc:format=\"image/jpeg\" photoshop:ColorMode=\"3\"> <xmpMM:History> <rdf:Seq> <rdf:li stEvt:action=\"created\" stEvt:instanceID=\"xmp.iid:DA9177A57FDBE711A517F6E9C5ADBC3D\" stEvt:when=\"2017-12-08T00:23:52+05:30\" stEvt:softwareAgent=\"Adobe Photoshop CS6 (Windows)\"/> <rdf:li stEvt:action=\"saved\" stEvt:instanceID=\"xmp.iid:DB9177A57FDBE711A517F6E9C5ADBC3D\" stEvt:when=\"2017-12-08T00:23:52+05:30\" stEvt:softwareAgent=\"Adobe Photoshop CS6 (Windows)\" stEvt:changed=\"/\"/> </rdf:Seq> </xmpMM:History> </rdf:Description> </rdf:RDF> </x:xmpmeta>                                                                                                                                                                                                                                                                                                                                                                                                                                                                                                                                                                                                                                                                                                                                                                                                                                                                                                                                                                                                                                                                                                                                                                                                                                                                                                                                                                                                                                                                                                                                                                                                                                                                                                                                                                                                                                                                                                                                                                                                                                                                                                                                 <?xpacket end=\"w\"?>\\0Adobe\0d@\0\0\0\\0\0\0\0\\0\\0\\0\0\\0\0\0\0\0\0\0\0\0\0\0\0\0	\n\0\0\0\0\0\0\0\0\0\0\0\0	\0\n\0	u!\"\01A2#	QBa$3Rqb%C&4r\n\5\'\S6DTsEF7Gc(UVW\Z\\\dte\\\)8fu*9:HIJXYZghijvwxyz\\\\\\\\\\\\\\\\\\\\\\0m!1\0\"AQ2aqB#Rb3	$\Cr\4%ScD&5T6Ed\'\nsFt\\\UeuV7\\\)\Z\\\\\\(GWf8v\\\gw\\\HXhx\\\9IYiy\\\*:JZjz\\\\\0\0\0?\0\ߺ]~?\\0~\\w\\{{\^\\׺\޺^\\߯^\0]{\^\\ߺ\\\1?\\0B}nqҟk3bԸ\A/>?[-),X܂\\ʑR(H8F?`OI\{$[o\'[O\"-5%C\%ĵq\0\=֢\0\0};j\\\ۆY\r\*<\0o(\\{q.a\dz\̀CN\HѸ+X\\0^\|f\:=c\"\}?\׸u׿uӯ{^\\JϿSu\~^\\l\>\\\ׅX\0[}?\	\ߺ\^\0^<\\\o]pE\\\0\\\\\\0Ӌן^\\\{ߺ\~\\.\|:^׽u߽\\z\\r\\$\^\;\\2<AO\\ad s\ȩ\qt)\0KTH\\\"v,\\BXu>\\'ٮ\ZUєV\2\\\\\\\bjQJ*N5\nF\"7$w	#V[ ៙=,rTB\|\ڹ(W\\7&iEV\\N.JX00\\϶V1Fy\zP\\j2G\_ێ\Kn͌Z/\\\ie(3> \\z\n² 	ۇ\\:M@\P7\Sl\\\\n\`\Z̡*|GB\\L[\\\\\\	\aSEH\E\pm牣&2ɐ\ʕ\^\4l\%p/\\B5\\\n\\[d1\p\9\XL\CD}:\s`Il\*0\FlA0*APԃÇL \u\{Z\\ߩ\\X\\[5z\\z\<כǽ`=o\^\\\\|>ε\\-q\?\ǿ|׸\)\\o\\x\0~\\\׽u\~\]{ߺ]\0\0}ǿuNS\IR#ݛQ\$\0uQV\ʌ\\_6H#\Y5+Hpco+惥9=?AX2-3\CF\"1\\Z_۳\\2O͚gj\04#=\n[G)*)kqK(گ&W\a6ȅଋr?	[Ν<Fi^&\\\m\(6.F=ouX-MY>$\\\xdx媣7J{r\H\T}\},z^\-N82bLqE\G.VϩVO\\\6\*Ҽ}:RŘj-Z~ފnpW\S\\WVV4\\\hs	P0fzKAT\$}ƪGp0 _\G\0.yUefjIU067T\%Dj5\IL*\M\M\qb\6*IP^3\\?\fptf(1\\Q\SO^\S\\R*q5I\!:]\\$}RH\a\_To\nE\@\l\GOWW鞞$t̲GN:\\A_\	\*\\\Cɩ\?\'1\\dI:Ny\* D\\oj:NP\0𘜧7\0R\\\tr\\\"+u}}\G{\\\q?7\0y׿޽bz\5{^\\0{^\\0?\\~z\_\\x׺\ߺ^\׽u\@$j\rk\0g\>\\t+9]QIxf\r֚\0\\d\'\\\\\\Ji\i(5J\C\'[-6\\Ѵ\\j\NEK-K&\rR\\:HV<Ǻ\SzS\\T i\腏z[\>\ă\86Uku\!!WAS[A(<*\ \n\Z}\"GK\\\\B5tua=zz\\1\Zj̥=:IeWBh\\TK\7\=xri$SJ\\Ŕ\n2T\\{cV\y2\n\KBh!p䘏-\54\\GJ\	\\\<N\\\\\ZQf)e\\T\(T`O\\2?aj\Hll\'sZqS<\-MJ \)Yc\A\\\\\_>?\=$+\Zu\\\\ZJVH3?BD +\bq\"\olӪ\\\i0yuhƇW\$\4\9.AOp`Pu},C,\"\bY\"\$5\Z\\\\pl\>4_#\wI\"_KHއn/AV},G\dM\Vzo\@QMÇQ]T~-\7]6ǕGIX\\}z\\0\]{lO\/\\}\\\|{^u.\\kw}=8di[B\ZS\E\j<\'ߪ+N:}\TիP32!1f> kԭ`?M0P	?\Ҙu:R\\eC@?UUY\H\n\n\,i\0\\i\\rS?o5]$Q\0/T1\\7\V\OR\\\}\\\B?\\Մ5C\^}/67yRT(\\TT~ܵmz7owJ\\h)qo-s$~]\rU6M4[w\FEZ훔ȷ\5&4\Cŝ\/>\3F\:\\ෑs\=>Y\07J<\Z{\r\\\ǜ\\}r\L:qαd둚%Cq\}>\K\\o4>ے,\\̎խ\[y\"VX4Q\\ %&NjW\\\\x܀륫\ʹ\ԆԠ}\e\ㆊjd7H\U_AǠ/\\\b`#t\\\\ψ\1}a\z \zQJ\V\\n\w\'fT1jxo\]24\bR.ͯ\dSc\N\Zy)\\}HβgWM\lֱGQ\r[#2IڝE\/\\\<Ng&?CE!]\\no\\JG	\0WzAni奎ZI\Бm\>ގSǤ\<:\0Fͭ	(j1\ʌJ;rm]і\|>I\'\\"I\\m\n4\!E]qHc嘁9\#(\"u!H\0D\	蕵O7K}}MB\2Ǣ/oMݯL\z\޽t\\\\׸\0r?\\\{\\z\\{\~]w\]{{[\0\\+\\{9\&nl6\?_~\\=c<	ExԨw{BG\PM\\)\Ttpq\qRǑ\\A9%H\ED\6JxNb>\%\)\\\\*JOiwNǶ[L$Qy~\EK&,@?\ϰ\K\"mܯ\DE4\3\\?\BoUu\\",\'\AEI1O\US+-5Ͻ\s\ZIezt\)x^@5\\t\"쯃$14\\;\i!MZz\Z(ctQŨ\R\ą^	\ߟyLPqzr\\4jS;or\\+1jɤW\ЈbҤyV2&ʪ\[c\FƞUQ(SG0e$\̓ŖH#*\\\?\c\\n+\Y\"4\su\\\;\j t>[IL\.\ŻR`t\<\ Fb\&\ \XxoUbIh򺊘ʅ\'עuՖ-\j=l\GdRFV\K\nD\\nP\\'ڸU\!N.9\	\0A\wi\rQ\2T&Z>:z4\ P\$l\r\17׵\rGư~}j=\jG\\Q=b\\13MZW\QӅJ\ni\	XXE=\"=@}\Z\\n\\Z.\\x#A\SA,RcIъ\SRd@,!\G6:/\H\n@gw@7ot&B#YŧJ4Ot1]%\'D\-aoy\=m\Ҵ\r\{.v\\#I\"+%\+8b>\"\0\\+\\rs\J[},A^\*iU\A(V@TF\<Dlmn\\̭%W+\]\l\\\!?\\\rs\^^\_\\Gp\X\<\$~=\\\\?O\\\޺\z\\ߺq׽\\\{|z\{^sےGuB.ɡj\\\K*\"YWRn\0@_z\AP3ǭ?\E҄d+(\dLX\\bڦ/\*E\I\[\e_\=ǩc643/`=l6&HV%bH\\`%bIcԹ\r\iC\\&R\$E\_X\"ھ\E\\\\]-՚N_N{304)O\r]0fb,-a\LD\:F\\\:;g\Z$} *i\A\ٜk\\ϒ\\K6>4RE4aUl\Zr>uFEGEu1\\=!3Lɤ̊\pls#\ou2!\ȭݲX\L\\u2\\)̇BI$^U}11P\D\M\\^;rEz4\9B\\:Fەx\\h\Z4f:J \0b-T$j\P5\0D{u+X\\r`^0}Wd+k?\fj\ʊ\MD«CRT@&\YC\0kT6\\= s\rH\A\oC@WťE\֐km)1z\ºS~\nn\U	\N-<D4Բ\\0\n\\0G+\\\"\\u\`OEve/J¨*DX%e[A7ԁЋ?\{>J0\\n媧Q\:/齯\\6^\_ٟEdzu\=3\xu\0}o\\?\_\O?{\\\\\0}8\{\[\Ѓ\\:\޺\][\]ߟ~\\\\\\G\zߐ\Q\򸵿\\"N\\\Y\{*f\\n5h޶\SF\\\\\\0kEmM4TŁ#\\yP)0WE2ar\ܥ\\"I(\0\\x\\\I T\"DR8>ތ}&\k\cIc\9!UW\0>\\#[P	B\=\\\MJM ydoQa\R,O\WntzKv2\nAСDC&$\\ӪT2\0_٤n\|:$=&\\S\ )YV[F}L\$!C~ԇ$PBu)\0\פRii\IY\\0HhPKqӻ0\rt\w\n+~\c*䖚2c}TT1\ry/e\>\\\GH\Z@j\|B\M\r4B\n``\f\\6R/߶oQ\ZA?D~Ԥ&V\rO!}c\\3XrE<\rz!Wf\)Y\C4Яd	6G}Fj=nODOrƃp\E U\"k\OZ\O?K-ǳ:A\\ת\ry\ZtpC7 o6\"N\Ա,l$d x\,Ah\\C\6\0a\Wn;m\BI\\\\mXH\u\q{Z덭\\0Xy\oy\\0\޾޽\\\\ߺ^\\\~ïu\\0{^\0zu>]},i\L2r=:N9\_/a#I\[3|\n\r\n\\n\I,\k5aO \nHТB\ormm@\LuF1W玦Q\6J\5\r\\\=\N\W\сGFJ9<Z\\0d \\\\\5`==;\ϡ[:\\\\:0F{\'ڨ\\ZZ\T44\0\'BM12\W\ch_LO\B\8ԺӢʫW+_OƺxZxj\\\LF@f6f*$A	,9\\\Zzc\ZUѭ8\\\+\W\P}i䨏ħLLaV7<פ\0>ې9R:z9Q\\ŀ~y\\\nFZښ\M\IB\|`!S#\HJ\{ӧ瑦\@&>.\"&gUl\\Ha6\O\j:Yh̢\0o\\l{n7\F\(\9\0{v\8\\\\\\6D\.fV\Ѻ \0@6Ba\\\u.xG\Ē\s/Q!p\N\6\u-\\G\ri@|\NQ\"T?hff\ՇF*\	\W,\ńzP\Zu\Z\2\\q\֢I-?yn;΃\z\O\\>\Bs\>_\\\\.s\'޺\\\\"\<:\\_^}\\ߺ^\׽u?\_O~\|:\=J\'/\0ӫarmp\re$\{Iv;*:[fR]_7\\\38aMMQOD06\n4\)\\\TednE\w\\\Zs(\Yi\B1#3\c<l\n\gK\Zu0[ͭtvp\JȦ5R1O[qj \\\\\ZХ*\ʯ<QK7.X)ƫ\{Q;5\\ơRH\\\\hޝK\%[k\\\5`\"z)<H+LˤluVWvh\oQsZ`Ou)-jS\\zc\\'\\!W-ooTڌOLPˠ~{N\\t!#\Z|\"\\\)\SԉgiZ2\)\iY w[9<\X\RN׈\0U:;5E\\4մ\R\,\$tӦ@C\\o\\\Bi:r63ϗ}Tgnfk7\X,\R\\23Ȱ\\,ʀ^{Ufņz.\nZƜ:HQmL\\0E55\fe\nrC5\6t$\qZ:\\\t=`Em(뽏\~E\[ԏ\̮\0gT_y䨭@	})[\\0y,KWś	K\\o\\\~#\-\z\\{U\#\\3\\\\ש\\0zZ\Ǯ\'o\O~\\c?_\O=\\ߺ^\׽u޾\\\\Q^[bd1Jd V\/!eFp.r\[/\1J-%O\\.W\"ut/07C4$i?K8U7\\m\ԧ\cS\$\MO y%\Zy1H%Ѓq\ǰ\r\jj}z-&\I\\\Ut\\\ĸ*K\0&>\\\j]WI0	PEi\\Iax\)XP=\nj9<?\#\>] k\Jj9\\rU\Q\z9Ⱥik&Fālt\\0\\\\zug@qQƿ\\7\+--,UM<Go\wv\\\'P\:u\\)\VrTA#I<\Q4\K\"٥\\ͥ\H<\a\(2\;+1**\\ZKeP\8\@	.,=\E\Z41\tv\`Qe\]%,\MD\duVC\"ȰD\k\\ژ\XҋANg\Dhڜ~\\\]At}1`\P$r$gUL\\r_\\\\nsRxtO&\\0\ɞǰ\[rx(1UrIV ş\N44JUʏhm\M)m\g~Yo\;,\+O>5$V\n!xə%p\꯷n\\O2\Ā8$}87(,ƾ}p_N\\\_G1o\l\\\K\Fc\0\Z~\\c厱\\߅qׅ|\\\}:\\uē\_ǭ\\ߺ^\׽u\\\\x?oYG\\<8u\N-u\\.\\ʹq[1ڔ\9sQ,\&&\\T3\x?9\n6q\\i)X5\8~]M\휻O[oK-\"\\0Tꧣp\~7K\\[1-=n֠\nWP噱Y(adhL@{ؓ\)\}V\gc\H\\\=v\`kH\"~\..\U}S͊6\PB\aU2,S-\\'R\Ck\Zޡ|C\\A!f1?\"宣\Z<K5@h\"K,b\¬\ryF# 5=T_\P\\fkC\Z\\[\rTpHZI\$\,\AM\,C\Tvъ\\nrBlw퓞pn\\R\)d*\+\\#\EVN\>`QG\ǫE+%z>]3\q\23\a\7\G\ng.XV0B\Xm\%\tG\\\\0h@\\\v\\m\\I\"A$sF領\\ce/o@\\}/T\ݢt\SϪgo\2,h\#\ZT\(׍\=[KRXC}=Sgb쩲n\\\!Jʇ\nHw\6k\\n\\X\Hm޻q\d\dFA&u,?`R/noϷ\(Ӹz-H}b\Ҵ\0Fz\m\EK64S#i㧀/\\4յKQ!cq\nT:~I+\d\7YUE\3UN/#yA\\[\0\\\\\Y7ڐ\Z\\\gO\I\'Hi*.\~~U\okRV<+^.\%\ͱӗm`v.\ظ\\%,2n\*\0\jz\M\\\\\zͨ].\-m4$\Z\\[6\0_؋7ˮ{ןZX\\0c\Ɲp?\\0Z끷\0\?NOuS\\\ߺ\^\ׇu\(Ou{<\䟄\|윶.)$\mn\g(m⨇vcc\/20\ήg?\\_z%y݋\Z2\v\0,)\\]U\ڛ\5gٙ\n\nي\㩢\'E><\r.\>\)\\G\\	?1ԁ <\fra5A\C\{\\\\Gju c,#,	\nEaw*\Jtx\\ݹA\Y\{K||IUa-$\)\$4#\%z`A,Y8fd\r\5\\\%\nӏAe\\\n*xzşm\\W6;&ٖC?ij\\\1CY%<]\Z\0\d۶\:+R+\O\\m\\1\ҵü1\'=,=Ek\ԟ\0w%\0\k\\"sUn\ڎ\Z8LfSq=7F\fx\\\M&TH^\M4\$\Iwh\A5\\\\Nե\v8Y\\KYM.`9,5в)\\\]]Z<U8+\/\:ᴽ\US\@ \\f\\mM,sZbgBjV]^\oϰύPҖ\C%;H\\;OGD*\S+\\oSQ\'#[j$\Sۛ\'Ϩm\\\yt\?\\!6>\C4\]TJ,=XxrQR\\\T\S\ҩ;rtY\أ(eBی\A-\g\0v\gqN\(X\\V!\\n\\ݛ5?Q\\h񘡀\o\WNW+wcxd+\1\\i\O\"\Gqq7\\0Q\\sknM.B\0\0@e&{7@ڕ\\\\h\\'l\EVn@JR\n2Ӑ\ޠM{y5 _a\\\k)0\\#\:E\&\I\2\h*$$\"0:nX3\0[\>*4i\\'\\֯(\\\c+\'`cRYٴ+\ZQ\S\U-\0W^\\\d9-\\d]-R_O(\MD-]a45\.]1]@.\\\\t<\\\ÇZ\\}\\0\\\?zz\\0\0_\\\\\\\ߺ^\0{\:\?\}\~}s\\\\\\S\\\0\}b$\Kz\%mK3/ɹ\ňC\\\]\J𖟷+c\&\\/j\}?\C{1\\6j5Dkq4m\+h\Y\\"\\\%|\Գ\1};\n9B@5\\tGӅjz%\\j/uz\r\\6U\"f\=U\Kj\<da1Na6!6^q=ڼ\j:B\z*7ObM.c\\\*Ա\)i\RCOQC\c(\r\ƈ^\ߋuqPbf\:\\g$>\#\'g\\\UI\9\lN	x\r(03+qԘ\*p@8Rl\0\\\r=ez{[\+(YZ!\0?C\\'6[QS`i\'L\\U_Q-KTE344\хP[$*$e2z8\\y$7\0ס\!wU@I\n0$Jqy>\\ZPːz1Y/lM?Z\\wG\jiUccIK37>\(r\0\"ۚH,E\^y(n76\=~\\-gc媰\\r>N(]$z<%C,5}~\\"G4:\\]IauF8n\\/{<*ޕ\'٤\ge}J:P \&\\\|]9*)@\Q_U\\_/s&C#Y\Z\O JDkC\n3n	\ZiCtF6\f\0\>}\\'r\1)iPU9#Y\\=zG\$zuJ\\R\=\?\\"iCsUcT\\\r^du.7+ԯ=\{wbJy!$pG*F\G\I<{UM;z\ec\\\>\=GgX\\Z\:\~޺Xɹ\0`O?ïz\x\0_{z\\n\\ߺ^\\cG\\\\\(\0\\0޽=?\ݳ\yxuFFBP\SƩ\>\\TTF`=ZǨ7\csQc%lTR\,o=Je\ὔs6ڷ[5ҳ*рп\\\M6\#xLN\0v\\4\l5x\-<Yɲ\h+(k *z\\"̊\rU?\\Eb^w}{\\\\\|<J߉\!cj%WxXI$ #U\v31O\\PP\\v\\\IL\"uu#I\\7\?aŭ%|1ҫIg*cN9*ltβXهu!\\\"Gk±#\\nHv\\Z\0g45يu\)UXC%K!T?2:SCAj\-o\\$m,Pc\\ج]<cJp\\\ɒg%Q$,bG2/4@{Jtt\'V\Бh \5x>bR5\\0\PK5.M2~4O\ִ\\\oW\t\ EJ]$\+kM\\r\'37PO\\\\H\N\ms\	td~3\\2X险2о=%,)\AR\r\#\m\VM9:cm	2֝tr}\8\"\\ʫt\|b:%?R}Iu6\0\\m\2T\Zt\=˅\Ti0C4\;uQ!{ebޭ_@R`\[\nj>C2\\d\R,\\\\\X\q\Q[רǘ\\T8\6q\dr:U!B07\n/c#:m?x\>$t\r|\\0Ƿ2\\oFj	X0K]i\S~n\̶<8\zRl70\%Ԩ\'\=\oǳl?.=a?R~\\\{\z\\?~9\U\\\0\0[=\\\\\O\\\\^\\\\ߺ^\\c\0\0_߽:\B/Yu\\\\C0(3F+r\hԬ\^@8\R}\420Q\$F*rz=!o\\e%Z}^H\reDjY(\eB\E\\{^J@WIUZftOUy\\\b +(t:zgQWMT1\J@\\~ޗ>\\\B:\\\\?zsza\ZR	IZ` \c\\xu1ʵDnQ$;.*H\07Y+\nO\6\\ZÄ`A\~]?.Jn\\ĉA\r%7+Sm-\"\"\pÃ\;z0nm|ug/sᄹ֥.\U[y]\\\t.mT,\%\\\$\"\**jĨ`Ơ{\0_n\V\0\b\8\~u\0J\n\T\\"A$~/\"䲘āOm=ܐn%xYu*\֞\0Vz콽\{\\rϸ\Ya(j\!WY\\\]/bF-\E\ӓ\Gin\k\zҟˡvV?pT\\4\R\Ek\\f==ԭo\Z\᥿\w>\Hp;8\Z|\؛\'o\ar5U \dd\7\0(>̶ͩ\BAD̑K\\G\"\0\\19\\\\Z\E\dx\P\+\'\G \\0>\XsLQ\a\w\[_\R1	{37\'*=z$谂Niê\\\Z*I\\J*N\\ǔTV[\,ơQ\/}\IV\n\z\0\VnlUQ.\hFf\$\0@=\\0RtvN:*ϱOfb\nx\٩\C\ӢkF\\>̙sY|\r\Z\\$DrLDH\:\I\\M%k\iA\L\ؗ[SK.\0n=\IMpH  \\\\\\?Z\A\\^\\	\0\\oǽ\\\\ߺ^\ԊZy\i\iѤx\A,\\j\0\\\x\'V\k\\9z\\r\*\\\Pj JpPHGVpl\r\Ƣ\\'\Z^\nٲݏFvaS;\l\\@\$J\enրug\0\Z``!\\\?9$q\\̩\\\=E\n\0EscVY`t[onml9/\\US\r\*cRh\\ш&\\\{\屹{u\\0\r8}	[w\ີ\\r\\gMTQ^\Jts,Xtӵ|J)] S\\\Vh䒟\\!~d6\Uz6*:>FT\'\\U%n\0\\>}\n P\dv\j-32PRI\ӕ\r`G&\\\ΐMz1Y\3MI]\q3ya! \p>\jNz\h\nTc\>2Wn9G3?vѵVRjBl|ne\\,\\n\׸NGGE\I\tR`-\6-&ӡ\}\\Q\A-t\;CIY$MAr\[؎-\+g<p@;\(\8\n_c9ܻGtcw>\\d-d\ki&VH\\\4q#2REDx)M\Ǣ1\'\-\i\?]\.\;!GV35#M\O\ŤTT<\ǰNtJ<2ugft`s\:7\\ƍ4L,PpHe\]<:5\Å5=S\~\|y\T+;)X\4/\\\֠\@-\r\\^\:ZQ\Y\bFW\\~\'q\\\I\z	ސ\@:\\UP\O\TfO*4QTB	t7o\-*\bV\|\3\(EE\tb\Z``%YH2\0_\\\\:!zW?$\Z\\,K$,\,~}>ޚ=>/	SOQM7ght{Y6>\\:%ExnYg\M4uJO\\wB\ӊϤq7?/\\\}_z\\a\gu\\ߺ\?{^\F\^ͼF5-\+\jcsH\B\KA\\\\{?ݝYH1tl^OJ \Z\1\#U\{z\|՞lSU:Oĭ\V\S,YD\	:!&\k\\n$\k\.&\n)\\_\E\瞪XLQLb\\R\@eW\\=<\Si{:B,~2*y8V,7I\OEϴ\Qn\"*d#t\\{k8b4?ϡ*)r[7\A[OX#ЕSQAG:\"H	TK[[o\\\E3\NY_N\E-kP3\\\\f\rtxe*\rx\ \od\\H~%Dt/&\\c\/]W\\PRKYW7EHD(*o\\IҨO\\;1S)O\ZjL|H\pUӭLs#H\\D$\"j{\,wT\}2oa6J=ǧ\\X\\%jhd3Q\K\_u5U,J\jPBk!T%i\\0Ms%\X\0\\_\\ڳ\;v\"\i5̅U-=|E*(\2IV\n8&1\Zj\0\'H/Ί׍}<E\Amz֠\\rmn\rD\E](i\x\ F\ZY\ZǏǷ\Ip\\\<		\r?`\\\]վ6,_!W\O6NMdTTKʭ3\%\rL\Ze>B}{y\MFq_g=&{X6=%\ja\U\S	Xب7h\@BT33I?[\\mJU=&vH|tJ\_Ei&Wi O)Ssqh?L\-ĞV\h\SA&HFQT\\._PV\kn\r@\ҏӪ\\:t\\zYU\0@=l[I?\0}\\0D2z9+pxcƺ8\\:\\,zy\"\\̈́89\\\N\\?;eLpP\G4ҽhH\\\1\rK(VAb\Mן{\\z\\"\eGC\\Ʌ\"ZI\K\\u+NGECr\j6\^T9\r\'I}Hв$\|\n\\\u\z\\Y\5gn\ݵT\SM8dxH1视kq\"K :W}³\0\;\Q\?!J\<.V\ZKew\\4q%槡Z\\<FsLN\Z\"*\\(皚\&\\,\4g[ڵ\ZTnd,\\\7jm\u5\F=\ZI\Q:Gq<:JY:~\\+|ˁ\\X])a.Y&\n\ہz1UHW?\Sn>8~\9Y38ͱ\cԹ\Y\'`\MV\\\\%9\>nڍJ\TSSw!\oHQ\4#^\\\\.C(A\$5C̥\%-\")\"\\r\0\	,~cR\׻qE\2\e)L&XƳ\	`+q\0Ҋ>5ƻg\\\\'\(\}\שk&S\hd\+\h:\L\g`{\E+\0\?W\{\r\"64\\A+?\jjͯ\4/,+W6\T\>g%Ph\n麋(;v\e3\#\\\\u<\\1\l\5\v\T\m\z#\\.p5Wjة4m3I>\\r\P>Ώ[ź\e	\'\A?\\`\3mG5v\\[_)-EB|!D\\GC\\%͊{XV\0 i\6cYf7Hk먏/\"\0\\h\\\ƙM焂\ZˤUԵeQfP\$m7\nơU^-\R\x*unܷ)2\4a5˥_vv7#\n]Ε3?\Y\H*Ac\"aF$PU$uL\\\\G(/\ӏf\ګ#L\aZ!u\@n\0\Ack\Lt\ܺ=\\T\\\\\0mp\bR1-c\mf\1\Zg{\@uJtBqN\E|Ru,\d MD\"8\\\1h\8[\\z5ajyR1$qC$>\PP$ю\\d8䨧=A\\#\lm\\z`E:eݝ+jERV:M<J\\\a\\\ \*\rnx׆XLQ\A\\\0ďu:RdY\\\(\q\㐼\6,	r>i.)&}\}=ҏ^\\ߺxu\"z\z:di**cQr\J\0?\Z$\0OW\r0	9ρj\}\\\r7\TIVH\-C[N}FD~*t^IyF+\F\ڑV\--Rqac=[)\\و|\'ϏN\\	V\dC\xaQ+;\r\	\\A2C\Uo)!ZnM\\\\0_\1\\\\ϣA>\\M\;\Z|.-\5P5\0&ACR_?\zEzn\]lOh\\\4X\n\r\P5f[b\&;9hiDkc2\(fQ8R-ϲ\o2>\1Ї7۷Pk#\\\oYwf\\ORe\ISعKΊ\\4a{H,N:\\r\\J֠fY:<\2:eY\\nj*SΫ.,m\\\r_?^\"\nR0iйk_b*O9ru:\\G) kqc;\\\\QƑ\%RGC$LĂz\a?#CUۉ*K(@\rwb\'\Z|)]+^rn;^\W\gtQ;\pc+N+iI\Sx+Y]Tɨư\7I\jv%d@鋏r,[K3_\\n\/\oӱpEM\\PY2X\":Lj!>&`\$\T\c\\:.\+ɢ\"\BgԷAEvn!^\I \H\\\i+&lz\"\r\n\\FDZV>g\\}2\`<8.-\s\d&j\\<%fY#~jWlItO#x>\#0v\lђM\r:\\b \Uʆ\\(:P-mJ׋bE,8c\ӏDsOEM1S_OOK4Y\\}9rI\USz	n\'IZ\\\d\Z:\\n\Zѽ i 7\}~\1\Ӡ\q&\\V\ď/=2hy\$=^\C\\l\nZ:\\hόJB\\"׺>펒5|5/j\ܕM\TcBF<*\X\\zlt\;cE#JZī*4bg\\\r{<=k\\uS˪ Z\h\5f@\0m~O>\\\:9vt\\\0\\0\}O\\\\F\g^6\\Jʘ[~6\d*-O\%JRno\\T\/)\\S\\m#M\&\nj\"*q=Z4R\\xb8\\\7\\\xu>5\+\'[TUrAJ\҈ƈ\[\>\A\\[8ٽBQ\\ \Db)ԭ\\?m\GE\\\j\ߎ\_ &߮diʹm\Oז\̫ck\{S?\:\Q\vXp٘Z\\A\\\"\Z꺆E8V0C3J\.}C>|ih:ߛ\-\|7UQ\\\d!\k~O\\S\\\rZ	B~Z\"b:|A\i?\\r\S&r\\(N\n:KAQVF\_ה\\y;\{$,\\\J9??\\0F\~Q\sY,\r6b\W\Q&V\Z\QfwYY\\rA[\"\r	k\\X\0\݄\͇\d\IN\GTE\\E\H\DT\<sTVΓD\rYVʠ{]Zٴ-|\0О\\ET\g2\<uTUQ\R&\ruJYJHU{H8,I\\	e=.dQ0z)6\駧\\X*\\\n\+)\juS4Zro9% {<%d \\\\)~u\7\_hir8}\+\\\FB*lCgwxU\n\ǑA~{ۓƌS?\C- s	J~\\Nؔzq4SqH<\O\8\R0pWz\{TN\\꡾Pv\&k\CIO\\i\\ZALF8n!-og\n\@\sH(#H\Tl\lq\\\**\AF\\x_]1\@A?Ua3dti \Ӓ+j\Y\Y\*-\؊\5\0AZI	cЇ\ϒ)-\`b^?\\\@OE\Hdc!d쭢W1EOD\%8\\\rA@{P\#\z\9{sgn\#L1\ewT\\tl	V1\\p\ˤLP\Ɏx1Ԗ	ͯ̂\A\=\S\\v:x5`ap$\P\e\&\JPfbd&嬷\_\HM:v\,\zuD_#m\V-ѵ(\́_\\NF=z-\6yl|\\\\ߺVV\`4\fR!UXBjdV#HU_>\-Gf8n\S\۱kk$\;i\\UGK$\:D\ZY`tifZee\'\?[vc>}Cmf\'U\\Tn\\\$<xW@8R\0`Z\ހ>71,\\\\^\\j]MU\\\\LVu\\\t\\Ԡ&\	`\J\n\\_:\}ѻy1F\Qs-j\\"II}芏@:\RFɧH??;-A|l\12l^\ZS\V>(?~I\ee\\'\\\x\}zS7\\]\7\MC\Jd\'%YYފ(4rO\\0oUIA\0\X\\	%\H#I\r\{KVCQEU]V#Hw\0XdHw0\:omTv˪y\ޥݝ?\\\|T\QSM9bhLl!\\'O\E*\\ƫ \\0Vz\\\\g#<\'\2_~[T\/X4-ࡧxb4guAjuق3\	\{,\6$ʞ>\\i\Q\\մʙ1Ҍnk0=CuK\AF%\r\,\!:N\\\k%\\\\\|U%ez濳B~\W\QK\I\\Q00(\"2$\k\0\0\J\\0(i\0\\߭\,+\0Et|n6\nDhjٱ\nQ\ri\Z\\,M\XjWl`\E\H&\\\\\&\\M]0diOgjx\\	u-kg(:#\cp\DjmxQxwn\Ow9J`%2\nBVY]J\\\\\\\\j3\\n\L\T\k吹7f:?ێ\ْ\ר4Xc/-\ED\*?\g\n\h\*`\]\RHT\%\\Oj\]H\"fW&\ѹ\Fi1\\\Jjg\\$#ʶWUO/\Ld\J\\ZB\WKl\dب4\\Z馨+H:\j\P*\nb:qhJ\\$6pSE>\\E;=\56p\0\ӈ\\cT{2{BAY|2I 7Xd\GVV\M\g=^\q\\[o\\\y\⌒\\q\Cl\8#\\\\\^՜#\?\pR8\GRx\	K\-\e|I^\/\\\V\e|dIO0\Q\LJC,!<HyQ\E E\0Ը\q\0/I׆F:z\'M\\P\Dd\\-]+6>|J\VFGT@-\ZPj\0<G\ꮺAX?Ĝ\|\+\M2\I[t\\\\3\H\A\~T>LNGo\\7Gm.\\^\ݑ˗\\iX\}`D\\\r7P}\\0銟\\tt0[KDc$0\*\A8AVQ{i\<s\\Ug\{*<\'\M\Y2E\\Vi*oORRG>\r\{k=;H#\\\}hk\=+xc=\Zp@O\k\\{+ϩhdtU;`$w([\\\-%;st?\=\*Xt\ms(ꟻ\*\ԩ8Lr4IZM2G$~b8.\0%^VZR>\\\;ztz*(E-<yY(p%\*C ek0>}?E\L:R\v)\\\\G\dzמICN`M\ʔ7mkluwg\\\w+S\\5urXJI9$@!4PFĨ߸AX\+H\"\U\&I#>]\\\][YY<}\U$a\R\)\\'fq[\tIщrKs~M\0\0/{~U:\\nH\X\p-\\襙Tq\J#B\µ)QS]\_>98\sëj	\\\\lgK~\0?kiz-ZW0TS6:$EF\r<H\Y],<bzHI9<zŶ9\$h)\rDCJ\\kؠ\z\R\\ݟ\\ZXj(\"lu>rUGh)\?\\!G\\\Jq\Qf\\>w\0f\'Jq\\\˒mj\\/01$0i]&s\=āWH9\\\*W4\3bI$I?S\/.cu\\UN\Љ\e5iDR\I\0OҴ^$\0*z8\io㵴\Mm\'ڽDѐYDu<*I{\Cu\цsՄ\\n\=f?8RhdZ)I\Z$V$-+=\7#HӆGNyM_6-\0\Z*^\\89%-Y\nYR3\rlm\0\H<u?[IONG(h7+s\\n\\*\\i\\o>,\'#A\>*8\\\}y\B]g\Ϛ\[yS\g\Mw\EhMO\d*tr\(@\&q\6R}u%u\0?:A5\>q\\USU\/ER1\g?,8ޘI\Џ\SSKޑc\j\\\\\V\\@)P\\r->tܨ\\\[s]\\4y;\\u\"\{\)r`}H 0x\;> \\\H#=OEitû\rQƦ\H\,l܂?޽\\Jg\\nU\\cIT\Ux+=mԚyP\[\6\\\\5PP[\BP\\,3ٴ\*ےt\Zd\r6q c\*I\B7]RQI,\#\\\]\٬SOn<@}V&X]\y\\Hʀp1\d,Ĭm}:o\\\\0\4븰\\_>^Wj쌎Rh&\n`biE [O{2l8\\ի\\\]AY\\\HU\\%B\\٪(Q%F\aa+Zy*\(\{G<]\r\Z\\\\\Ϥk2ɷR\ZVCҘBIiH$2\"*\uNF\\\\=\\~G56\"!\h\IIcc\\\\e\Ֆ7\Pu]=\6rUfS.D\S\1PƐsji\\yB5=/\ێ;knjJi<ny\\Z$Z+0kAЉ\s\HRX\+\#\}\Ӥ\0SN54\,s\39Pn\rړQp\_\\eWWl\cf\ѩZƎ! \r?gIqQN\4\qlWJh1Sq\\EH\rLpϒI\Qg\q\\JSϦ\\u{o%\\5\\\\"%{\M$4	Q\\\a\T]>PQ\n\ԫSxpA,R9:*\A!0\I*\"@iՊևE\ֺ)q`b\\꣫(r5\	c\\^\G֠j\\9\L{3=\cOcɉk~\\%\9\\O720a \c{ԭZM\rG\\N\\	%\\*Cb\c\dkd;I$0+aj\I傥D:8Q\w\F\ڟ#OOc%\Z=xq#\\\ӆff)䖪\3[~f\\(&A\rT\ӳ3\-\,ꋞ\Ic+\㸎[\I\0<GEoev\\\\\\\\r<n\eZSv\6SR\HDaQ\\Ir匲\\Ek$3OS\0.5\P\8hT/0\\j\53\ZO{\\!7MӐ=&>!N%K\T5.\\Չ㫀и\a\")s&\\{4.\rW\W=\Wj\m+::CY	סd\Kg\\"\-z\"\\w\в\9%\px\\kH\:\"\I=\dƍu\\3+;X~\պAJM\֤3\H\3q.ՏU{a4\Z OJ,_R\UgBR*Xj\Yȷ׏l\\\\Cp\D\o\J2\6c!tRɊ$)de\VB\0^̂S&dף0\Wh\Ry\'\\\r9R*mȹ\gzPWC뽁F)\r\E\%1K,-\T3h\\0+(\\,~ζ!v㎋\U7\nNdg\TS9P\N\)h\Zh\) XS[\\0: ׹jeN\6\\&3Jt|+3\\0i^\\rH\W\\I\\<OJE\Z\\ʪo\bFR@\\k{Ut\,\;;c\c\"\"b\i\Vtk{^\}=QJǤLCB߫R5$\S\\\G\y\ݨh+\\+=\');
/*!40000 ALTER TABLE `user` ENABLE KEYS */;
UNLOCK TABLES;
/*!40103 SET TIME_ZONE=@OLD_TIME_ZONE */;

/*!40101 SET SQL_MODE=@OLD_SQL_MODE */;
/*!40014 SET FOREIGN_KEY_CHECKS=@OLD_FOREIGN_KEY_CHECKS */;
/*!40014 SET UNIQUE_CHECKS=@OLD_UNIQUE_CHECKS */;
/*!40101 SET CHARACTER_SET_CLIENT=@OLD_CHARACTER_SET_CLIENT */;
/*!40101 SET CHARACTER_SET_RESULTS=@OLD_CHARACTER_SET_RESULTS */;
/*!40101 SET COLLATION_CONNECTION=@OLD_COLLATION_CONNECTION */;
/*!40111 SET SQL_NOTES=@OLD_SQL_NOTES */;

-- Dump completed on 2021-01-12  9:10:22
